Workbook

Sheet Check Value
A1: AVALREM - ACTION VALUE CALCULATOR
B3: Kirdomic Avalrem System Interface
B4: Intrinsic Value of Action Word
B6: Please Enter an Action Word here ---> | K6: ='Primary Value'!E45 -> Eliminate
C8: Intrinsic 'C' Value: ------> | K8: =SUMIF('Master Data'!AI141:AI292,'Check Value'!K6,'Master Data'!G141:G292) -> 12.652616
B10: Extended Criteria for Intrinsic Value Check
B12: Please Enter Criteria Below:
B14: * | C14: Kirdomic Card Number (enter card number 1 to 12) | K14: 6
B16: * | C16: Kirdomic Concept Code (enter card number 1 to 5) | K16: 2
B18: * | C18: Word Card Number (enter card number 1 or 2) | K18: 1
B20: * | C20: Action Value Code | K20: =_xlfn.CONCAT(K14,K16,K18) -> 621
C22: Intrinsic 'C' Value: ------> | K22: =SUMIF('Master Data'!$F$141:$F$292,'Check Value'!K20,'Master Data'!$G$141:$G$292) -> 12.652616
B24: Intrinsic Value by Action Grid Code
B26: Please Enter an Action Grid Code | K26: J
E28: Intrinsic 'C' Value by Grid Code
E30: F | F30: O | G30: C | H30: U | I30: S
D31: P | E31: =IF($K$26="Q",SUMIF('Master Data'!$F$141:$F$292,$K$20,'Master Data'!$H$141:$H$292),"") | F31: =IF($K$26="W",SUMIF('Master Data'!$F$141:$F$292,$K$20,'Master Data'!$M$141:$M$292),"") | G31: =IF($K$26="E",SUMIF('Master Data'!$F$141:$F$292,$K$20,'Master Data'!$R$141:$R$292),"") | H31: =IF($K$26="R",SUMIF('Master Data'!$F$141:$F$292,$K$20,'Master Data'!$W$141:$W$292),"") | I31: =IF($K$26="T",SUMIF('Master Data'!$F$141:$F$292,$K$20,'Master Data'!$AB$141:$AB$292),"")
D32: E | E32: =IF($K$26="A",SUMIF('Master Data'!$F$141:$F$292,$K$20,'Master Data'!$I$141:$I$292),"") | F32: =IF($K$26="S",SUMIF('Master Data'!$F$141:$F$292,$K$20,'Master Data'!$N$141:$N$292),"") | G32: =IF($K$26="D",SUMIF('Master Data'!$F$141:$F$292,$K$20,'Master Data'!$S$141:$S$292),"") | H32: =IF($K$26="F",SUMIF('Master Data'!$F$141:$F$292,$K$20,'Master Data'!$X$141:$X$292),"") | I32: =IF($K$26="G",SUMIF('Master Data'!$F$141:$F$292,$K$20,'Master Data'!$AC$141:$AC$292),"")
D33: A | E33: =IF($K$26="C",SUMIF('Master Data'!$F$141:$F$292,$K$20,'Master Data'!$J$141:$J$292),"") | F33: =IF($K$26="X",SUMIF('Master Data'!$F$141:$F$292,$K$20,'Master Data'!$O$141:$O$292),"") | G33: =IF($K$26="V",SUMIF('Master Data'!$F$141:$F$292,$K$20,'Master Data'!$T$141:$T$292),"") | H33: =IF($K$26="B",SUMIF('Master Data'!$F$141:$F$292,$K$20,'Master Data'!$Y$141:$Y$292),"") | I33: =IF($K$26="N",SUMIF('Master Data'!$F$141:$F$292,$K$20,'Master Data'!$AD$141:$AD$292),"")
D34: C | E34: =IF($K$26="Y",SUMIF('Master Data'!$F$141:$F$292,$K$20,'Master Data'!$K$141:$K$292),"") | F34: =IF($K$26="U",SUMIF('Master Data'!$F$141:$F$292,$K$20,'Master Data'!$P$141:$P$292),"") | G34: =IF($K$26="I",SUMIF('Master Data'!$F$141:$F$292,$K$20,'Master Data'!$U$141:$U$292),"") | H34: =IF($K$26="O",SUMIF('Master Data'!$F$141:$F$292,$K$20,'Master Data'!$Z$141:$Z$292),"") | I34: =IF($K$26="P",SUMIF('Master Data'!$F$141:$F$292,$K$20,'Master Data'!$AE$141:$AE$292),"")
D35: E | E35: =IF($K$26="H",SUMIF('Master Data'!$F$141:$F$292,$K$20,'Master Data'!$L$141:$L$292),"") | F35: =IF($K$26="J",SUMIF('Master Data'!$F$141:$F$292,$K$20,'Master Data'!$Q$141:$Q$292),"") -> 9.0981183 | G35: =IF($K$26="K",SUMIF('Master Data'!$F$141:$F$292,$K$20,'Master Data'!$V$141:$V$292),"") | H35: =IF($K$26="L",SUMIF('Master Data'!$F$141:$F$292,$K$20,'Master Data'!$AA$141:$AA$292),"") | I35: =IF($K$26="M",SUMIF('Master Data'!$F$141:$F$292,$K$20,'Master Data'!$AF$141:$AF$292),"")
E38: F | F38: O | G38: C | H38: U | I38: S
D39: P | E39: Q | F39: W | G39: E | H39: R | I39: T
D40: E | E40: A | F40: S | G40: D | H40: F | I40: G
D41: A | E41: C | F41: X | G41: V | H41: B | I41: N
D42: C | E42: Y | F42: U | G42: I | H42: O | I42: P
D43: E | E43: H | F43: J | G43: K | H43: L | I43: M
B47: Avalrem Unit Calculation
D49: Basic Formula
D50: Avalrem | F50: = | G50: C
G51: (a - i)
E54: C | G54: =K22 -> 12.652616
E55: a | G55: ='Pilot Formula Test'!M71 -> 1
E56: i | G56: ='Pilot Formula Test'!M89 -> 0.046280992
E58: Avalrem | G58: =G54/(G55-G56) -> 13.266608

Sheet Use Case Lab
A1: ACTION STATEMENT STRUCTURE QUALIFIED FOR AVALREM CONSIDERATION
E4: F | F4: O | G4: C | H4: U | I4: S
D5: P | E5: Q | F5: W | G5: E | H5: R | I5: T
D6: E | E6: A | F6: S | G6: D | H6: F | I6: G
D7: A | E7: C | F7: X | G7: V | H7: B | I7: N
D8: C | E8: Y | F8: U | G8: I | H8: O | I8: P
D9: E | E9: H | F9: J | G9: K | H9: L | I9: M
B12: Date | C12: Action Performed | D12: Result | E12: Action Value Evaluation
D13: Avalrem | E13: Action Word | F13: Context Code | G13: Kirdomic Code | H13: Action Order | I13: Action Grid Code | J13: Success Factor
F14: Big Questions | G14: IPI | H14: Intrinsic Value | I14: #Z | J14: Kdm
F15: [1-12] | G15: [1-5] | H15: [1 or 2] | I15: 25 Letters
B16: 45545 | C16: Follow up on outstanding JV for month-end close and suggest to the team what needs to be done.
D17: 25 | E17: Follow-up | F17: 8 | G17: 1 | H17: 1 | I17: I | J17: 1
D18: 28 | E18: Suggest | F18: 6 | G18: 2 | H18: 2 | I18: J | J18: 1
C19: Total Avalrem | D19: =SUM(D17:D18) -> 53
E22: Grid Code | F22: BQ Code | G22: 5 Principles
E23: A-Y | F23: 01-12 | G23: Color Code
D25: #Z | E25: S | F25: 4 | G25: GR
G29: Anxergy | H29: BL
G30: Exdysivity | H30: GR
G31: Avalremy | H31: RD
G32: Dexterience | H32: PK
G33: Atammayata | H33: YL

Sheet Q&A Matrix
B1: DYNAMIC WEIGHTING SYSTEM
B3: For a transactional action
B4: * | C4: Completed
B5: * | C5: Verified
G9: Kdm Multiplier | K9: To multipliy the calculated sub-Avalrem accumulated units
B11: Weight | D11: higher is better | G11: Kdm | M11: Impact | N11: in long term | P11: higher is better | U11: Time | V11: >= 1 | W11: Lower is better
E12: <1
B13: 12 Big Questions (B.Q.) | D13: Priority | E13: Weight by Priority to 12 | G13: Overall Transactional Success Factor | M13: Impact Level | N13: Kirdomicism Principle Factor | S13: Total by Level | U13: Time Factor = a
E14: Low 1 - High 12 | N14: Anxergy | O14: Exdysivity | P14: Dexterience | Q14: Avalremy | R14: Atammayata
B15: Question-1 | C15: World | D15: 1 | E15: =D15/$E$27 -> 0.082644628 | G15: * | H15: Exceptional | J15: 2 | M15: 12 | N15: 0.12 | O15: 0.12 | P15: 0.12 | Q15: 0.12 | R15: 0.12 | S15: =SUM(N15:R15) -> 0.6 | U15: * | V15: Future | W15: 1 | X15: Future implications
B16: Question-2 | C16: Country | D16: 2 | E16: =D16/$E$27 -> 0.16528926 | G16: * | H16: Excellent | J16: 1.5 | M16: 11 | N16: 0.11 | O16: 0.11 | P16: 0.11 | Q16: 0.11 | R16: 0.11 | S16: =SUM(N16:R16) -> 0.55 | U16: * | V16: Present | W16: 1.1 | X16: Present implications
B17: Question-3 | C17: Society | D17: 3 | E17: =D17/$E$27 -> 0.24793388 | G17: * | H17: Very good | J17: 1.2 | M17: 10 | N17: 0.1 | O17: 0.1 | P17: 0.1 | Q17: 0.1 | R17: 0.1 | S17: =SUM(N17:R17) -> 0.5 | U17: * | V17: Past | W17: 1.2 | X17: Past implications
B18: Question-4 | C18: Business | D18: 4 | E18: =D18/$E$27 -> 0.33057851 | G18: * | H18: Good | J18: 1 | M18: 9 | N18: 0.09 | O18: 0.09 | P18: 0.09 | Q18: 0.09 | R18: 0.09 | S18: =SUM(N18:R18) -> 0.45
B19: Question-5 | C19: Organization | D19: 5 | E19: =D19/$E$27 -> 0.41322314 | G19: * | H19: Fair | J19: 0.9 | M19: 8 | N19: 0.08 | O19: 0.08 | P19: 0.08 | Q19: 0.08 | R19: 0.08 | S19: =SUM(N19:R19) -> 0.4
B20: Question-6 | C20: Team | D20: 6 | E20: =D20/$E$27 -> 0.49586777 | G20: * | H20: Poor | J20: 0.5 | M20: 7 | N20: 0.07 | O20: 0.07 | P20: 0.07 | Q20: 0.07 | R20: 0.07 | S20: =SUM(N20:R20) -> 0.35
B21: Question-7 | C21: Product | D21: 7 | E21: =D21/$E$27 -> 0.5785124 | G21: * | H21: Very poor | J21: 0.1 | M21: 6 | N21: 0.06 | O21: 0.06 | P21: 0.06 | Q21: 0.06 | R21: 0.06 | S21: =SUM(N21:R21) -> 0.3
B22: Question-8 | C22: Process | D22: 8 | E22: =D22/$E$27 -> 0.66115702 | G22: * | H22: Threatening | J22: -0.5 | M22: 5 | N22: 0.05 | O22: 0.05 | P22: 0.05 | Q22: 0.05 | R22: 0.05 | S22: =SUM(N22:R22) -> 0.25
B23: Question-9 | C23: Problem | D23: 9 | E23: =D23/$E$27 -> 0.74380165 | G23: * | H23: Dangerous | J23: -1 | M23: 4 | N23: 0.04 | O23: 0.04 | P23: 0.04 | Q23: 0.04 | R23: 0.04 | S23: =SUM(N23:R23) -> 0.2
B24: Question-10 | C24: Uncertainty | D24: 10 | E24: =D24/$E$27 -> 0.82644628 | G24: * | H24: Terminate | J24: -2 | M24: 3 | N24: 0.03 | O24: 0.03 | P24: 0.03 | Q24: 0.03 | R24: 0.03 | S24: =SUM(N24:R24) -> 0.15
B25: Question-11 | C25: Completion | D25: 11 | E25: =D25/$E$27 -> 0.90909091 | M25: 2 | N25: 0.02 | O25: 0.02 | P25: 0.02 | Q25: 0.02 | R25: 0.02 | S25: =SUM(N25:R25) -> 0.1
B26: Question-12 | C26: Self | D26: 12 | E26: =D26/$E$27 -> 0.99173554 | M26: 1 | N26: 0.01 | O26: 0.01 | P26: 0.01 | Q26: 0.01 | R26: 0.01 | S26: =SUM(N26:R26) -> 0.05
B27: To add 0.1 to 12 to avoid weight = 1 | E27: 12.1 | M27: -1 | N27: =-N26 -> -0.01 | O27: =-O26 -> -0.01 | P27: =-P26 -> -0.01 | Q27: =-Q26 -> -0.01 | R27: =-R26 -> -0.01 | S27: =SUM(N27:R27) -> -0.05
M28: -2 | N28: =-N25 -> -0.02 | O28: =-O25 -> -0.02 | P28: =-P25 -> -0.02 | Q28: =-Q25 -> -0.02 | R28: =-R25 -> -0.02 | S28: =SUM(N28:R28) -> -0.1
B29: Based on: | M29: -3 | N29: =-N24 -> -0.03 | O29: =-O24 -> -0.03 | P29: =-P24 -> -0.03 | Q29: =-Q24 -> -0.03 | R29: =-R24 -> -0.03 | S29: =SUM(N29:R29) -> -0.15
B30: * | C30: Societal Needs | D30: Determined by AI governance system | M30: -4 | N30: =-N23 -> -0.04 | O30: =-O23 -> -0.04 | P30: =-P23 -> -0.04 | Q30: =-Q23 -> -0.04 | R30: =-R23 -> -0.04 | S30: =SUM(N30:R30) -> -0.2
M31: -5 | N31: =-N22 -> -0.05 | O31: =-O22 -> -0.05 | P31: =-P22 -> -0.05 | Q31: =-Q22 -> -0.05 | R31: =-R22 -> -0.05 | S31: =SUM(N31:R31) -> -0.25
M32: -6 | N32: =-N21 -> -0.06 | O32: =-O21 -> -0.06 | P32: =-P21 -> -0.06 | Q32: =-Q21 -> -0.06 | R32: =-R21 -> -0.06 | S32: =SUM(N32:R32) -> -0.3
M33: -7 | N33: =-N20 -> -0.07 | O33: =-O20 -> -0.07 | P33: =-P20 -> -0.07 | Q33: =-Q20 -> -0.07 | R33: =-R20 -> -0.07 | S33: =SUM(N33:R33) -> -0.35
M34: -8 | N34: =-N19 -> -0.08 | O34: =-O19 -> -0.08 | P34: =-P19 -> -0.08 | Q34: =-Q19 -> -0.08 | R34: =-R19 -> -0.08 | S34: =SUM(N34:R34) -> -0.4
M35: -9 | N35: =-N18 -> -0.09 | O35: =-O18 -> -0.09 | P35: =-P18 -> -0.09 | Q35: =-Q18 -> -0.09 | R35: =-R18 -> -0.09 | S35: =SUM(N35:R35) -> -0.45
M36: -10 | N36: =-N17 -> -0.1 | O36: =-O17 -> -0.1 | P36: =-P17 -> -0.1 | Q36: =-Q17 -> -0.1 | R36: =-R17 -> -0.1 | S36: =SUM(N36:R36) -> -0.5
M37: -11 | N37: =-N16 -> -0.11 | O37: =-O16 -> -0.11 | P37: =-P16 -> -0.11 | Q37: =-Q16 -> -0.11 | R37: =-R16 -> -0.11 | S37: =SUM(N37:R37) -> -0.55
M38: -12 | N38: =-N15 -> -0.12 | O38: =-O15 -> -0.12 | P38: =-P15 -> -0.12 | Q38: =-Q15 -> -0.12 | R38: =-R15 -> -0.12 | S38: =SUM(N38:R38) -> -0.6
B40: Note:
B41: Completed and verified actions are recorded by blockchain-like system to create a transparent and immutable ledger | N41: Anxergy | O41: Exdysivity | P41: Dexterience | Q41: Avalremy | R41: Atammayata
B42: of every individual's contribution for accumulation of total "Avalrem wealth" over time.
N43: Effectivity | O43: Innovation
B44: Enable a marketplace of needs wit a system governing how Avalrem can be used to acquire specific service or goods.
B46: AI will match individuals with needs to those who can perform necessary actions. | N46: Confirm by 7 levels of actions to replace subjectivity.

Sheet Pilot Formula Test
B2: Avalrem = | C2: C
C3: (a - i)
B6: C | C6: Future value of action impacts
B8: a | C8: Time score - lower is better
B10: i | C10: Impact % - higher is better
C16: n
B17: Total Avalrem | C17: #VALUE! | D17: Avalrem i | E17: * | F17: Kdm
C18: i=1
B22: Avalrem = | C22: C
C23: (a - i)
B27: C | C27: Future value of action impact
B29: a | C29: Discount rate of future
B31: i | C31: Impact rate of future consequence
B33: Kdm | C33: Multiplier of Avalrem
I44: Action Statement:
I46: In order to inprove productivity of the production line, the responsible person must change
I47: the process by eliminate the existing line layout before installing a new line.
I52: Future value of action impact "C"
J54: Applying Kirdomic Card Tool:
I56: * | J56: Kirdomic Card Number (enter card number 1 to 12) | O56: ='Check Value'!K14 -> 6 | P56: VI
I57: * | J57: Kirdomic Concept Code (enter card number 1 to 5) | O57: ='Check Value'!K16 -> 2 | P57: Exdysivity
I58: * | J58: Word Card Number (enter card number 1 or 2) | O58: ='Check Value'!K18 -> 1 | P58: ='Check Value'!K6 -> Eliminate
I59: * | J59: Action Value Code | O59: ='Check Value'!K20 -> 621 | P59: Master
J61: Intrinsic Value: ------> | O61: ='Check Value'!K22 -> 12.652616
I67: Finding value "a"
I69: a | J69: Time factor | K69: Must be >= | L69: 1 | N69: Higher is better
K71: a | L71: = | M71: ='Q&A Matrix'!W15 -> 1
I76: Finding value "I"
I78: X | J78: 12 BQ | K78: Weight | N78: Higher is better
I79: Y | J79: 5 principles | K79: Impact | L79: 1-12 | M79: levels | N79: Higher is better
I81: X*Y | J81: = i | N81: Lower is better in formula result
I83: Assignment of Factor Value:
J85: X weight | K85: Y impact
J86: ='Q&A Matrix'!B22 -> Question-8 | K86: ='Q&A Matrix'!O14 -> Exdysivity
J87: ='Q&A Matrix'!E22 -> 0.66115702 | K87: ='Q&A Matrix'!N20 -> 0.07
K89: i | L89: = | M89: =J87*K87 -> 0.046280992 | W89: Lower than FV | Z89: Higher than FV (actual is better than expected)
U90: Scenario-Base | V90: Scenario-Lowest PV | W90: Scenario-1 | X90: Scenario-2 | Y90: Scenario-3 | Z90: Scenario-4 | AA90: Scenario-5 | AB90: Scenario-6 | AC90: Scenario-7 | AD90: Scenario-8 | AE90: Scenario-9 | AF90: Scenario-10
S92: C | U92: 1000 | V92: 1000 | W92: 1000 | X92: =W92 -> 1000 | Y92: =X92 -> 1000 | Z92: =Y92 -> 1000 | AA92: =Z92 -> 1000 | AB92: =AA92 -> 1000 | AC92: =AB92 -> 1000 | AD92: =AC92 -> 1000 | AE92: =AD92 -> 1000 | AF92: =AE92 -> 1000
R94: Time | S94: a | T94: >= 1 | U94: 1 | V94: 1000 | W94: 1.1 | X94: 1.2 | Y94: 1.3 | Z94: 1.4 | AA94: 1.5 | AB94: 1.6 | AC94: 1.7 | AD94: 1.8 | AE94: 1.9 | AF94: 2 | AG94: Lower is better
S96: C / a | U96: =U92/U94 -> 1000 | V96: =V92/V94 -> 1 | W96: =W92/W94 -> 909.09091 | X96: =X92/X94 -> 833.33333 | Y96: =Y92/Y94 -> 769.23077 | Z96: =Z92/Z94 -> 714.28571 | AA96: =AA92/AA94 -> 666.66667 | AB96: =AB92/AB94 -> 625 | ... AF96: =AF92/AF94 -> 500
S104: i | T104: <1 | U104: 0 | V104: 0 | W104: 0.1 | X104: 0.2 | Y104: 0.3 | Z104: 0.4 | AA104: 0.5 | AB104: 0.6 | AC104: 0.7 | AD104: 0.8 | AE104: 0.9 | AF104: 0.95 | AG104: Lower is better
S106: C / i | U106: =U92/U104 -> #DIV/0! | V106: =V92/V104 -> #DIV/0! | W106: =W92/W104 -> 10000 | X106: =X92/X104 -> 5000 | Y106: =Y92/Y104 -> 3333.3333 | Z106: =Z92/Z104 -> 2500 | AA106: =AA92/AA104 -> 2000 | AB106: =AB92/AB104 -> 1666.6667 | ... AF106: =AF92/AF104 -> 1052.6316
S108: a | U108: 1 | V108: =V94 -> 1000 | W108: 1.1 | X108: =W108 -> 1.1 | Y108: =X108 -> 1.1 | Z108: =Y108 -> 1.1 | AA108: =Z108 -> 1.1 | AB108: =AA108 -> 1.1 | AC108: =AB108 -> 1.1 | AD108: =AC108 -> 1.1 | AE108: =AD108 -> 1.1 | AF108: =AE108 -> 1.1
S109: a - i | U109: =U108-U104 -> 1 | V109: =V108-V104 -> 1000 | W109: =W108-W104 -> 1 | X109: =X108-X104 -> 0.9 | Y109: =Y108-Y104 -> 0.8 | Z109: =Z108-Z104 -> 0.7 | AA109: =AA108-AA104 -> 0.6 | AB109: =AB108-AB104 -> 0.5 | ... AF109: =AF108-AF104 -> 0.15
S111: C/(a-i) | U111: =U92/U109 -> 1000 | V111: =V92/V109 -> 1 | W111: =W92/W109 -> 1000 | X111: =X92/X109 -> 1111.1111 | Y111: =Y92/Y109 -> 1250 | Z111: =Z92/Z109 -> 1428.5714 | AA111: =AA92/AA109 -> 1666.6667 | AB111: =AB92/AB109 -> 2000 | ... AF111: =AF92/AF109 -> 6666.6667 | AG111: Lower is better
R114: Impact (12BQ) | S114: x | T114: <1 | U114: 0 | V114: 0.01 | W114: 0.1 | X114: 0.2 | Y114: 0.3 | Z114: 0.4 | AA114: 0.5 | AB114: 0.6 | AC114: 0.7 | AD114: 0.8 | AE114: 0.9 | AF114: 0.95
R115: Impact (5Principles) | S115: y | T115: <1 | U115: 0 | V115: 0.01 | W115: 0.1 | X115: 0.2 | Y115: 0.3 | Z115: 0.4 | AA115: 0.5 | AB115: 0.6 | AC115: 0.7 | AD115: 0.8 | AE115: 0.9 | AF115: 0.95
S117: x*y | T117: = i | U117: =U114*U115 -> 0 | V117: =V114*V115 -> 0.0001 | W117: =W114*W115 -> 0.01 | X117: =X114*X115 -> 0.04 | Y117: =Y114*Y115 -> 0.09 | Z117: =Z114*Z115 -> 0.16 | AA117: =AA114*AA115 -> 0.25 | AB117: =AB114*AB115 -> 0.36 | ... AF117: =AF114*AF115 -> 0.9025
S119: a - (x*y) | U119: =U108-U117 -> 1 | V119: =V108-V117 -> 999.9999 | W119: =W108-W117 -> 1.09 | X119: =X108-X117 -> 1.06 | Y119: =Y108-Y117 -> 1.01 | Z119: =Z108-Z117 -> 0.94 | AA119: =AA108-AA117 -> 0.85 | AB119: =AB108-AB117 -> 0.74 | ... AF119: =AF108-AF117 -> 0.1975
S121: C/(x*y) | U121: =U92/U117 -> #DIV/0! | V121: =V92/V117 -> 10000000 | W121: =W92/W117 -> 100000 | X121: =X92/X117 -> 25000 | Y121: =Y92/Y117 -> 11111.111 | Z121: =Z92/Z117 -> 6250 | AA121: =AA92/AA117 -> 4000 | AB121: =AB92/AB117 -> 2777.7778 | ... AF121: =AF92/AF117 -> 1108.0332 | AG121: Lower is better
S124: C / (a - (x*y)) | U124: =U92/U119 -> 1000 | V124: =V92/V119 -> 1.0000001 | W124: =W92/W119 -> 917.43119 | X124: =X92/X119 -> 943.39623 | Y124: =Y92/Y119 -> 990.09901 | Z124: =Z92/Z119 -> 1063.8298 | AA124: =AA92/AA119 -> 1176.4706 | AB124: =AB92/AB119 -> 1351.3514 | ... AF124: =AF92/AF119 -> 5063.2911 | AG124: Lower is better

Sheet AI Prompt
F5: Context | G5: C | H5: Statement of actions?
F18: Rule | H18: Identify the time factor | O18: Time | R18: >= 1 | S18: higher is better
G20: a | Q20: Time Factor = a
H22: Indicate the time factor that best reflects the impact of the statement of action. | Q22: * | R22: Future | S22: 1.2 | T22: Future implications
Q23: * | R23: Present | S23: 1.1 | T23: Present implications
Q24: * | R24: Past | S24: 1 | T24: Past implications
Q29: There are 12 tables of this type with different weight depending on a particular circumstance of a user.
G30: x | H30: Select the big questions | L30: 1-12 | O30: Weight | Q30: 12 Big Questions (B.Q.) | S30: Question-1 | T30: Question-2 | U30: Question-3 | V30: Question-4 | W30: Question-5 | X30: Question-6 | Y30: Question-7 | Z30: Question-8 | AA30: Question-9 | AB30: Question-10 | AC30: Question-11 | AD30: Question-12 | AE30: To add 0.1 to 12 to avoid weight = 1
O31: higher is better | P31: <1 | S31: World | T31: Country | U31: Society | V31: Business | W31: Organization | X31: Team | Y31: Product | Z31: Process | AA31: Problem | AB31: Uncertainty | AC31: Completion | AD31: Self
Q32: Priority | S32: 1 | T32: 2 | U32: 3 | V32: 4 | W32: 5 | X32: 6 | Y32: 7 | Z32: 8 | AA32: 9 | AB32: 10 | AC32: 11 | AD32: 12
P33: =S31 -> World | Q33: Weight by Priority to 12 | R33: Low 1 - High 12 | S33: =S32/$AE$33 -> 0.082644628 | T33: =T32/$AE$33 -> 0.16528926 | U33: =U32/$AE$33 -> 0.24793388 | V33: =V32/$AE$33 -> 0.33057851 | W33: =W32/$AE$33 -> 0.41322314 | X33: =X32/$AE$33 -> 0.49586777 | Y33: =Y32/$AE$33 -> 0.5785124 | Z33: =Z32/$AE$33 -> 0.66115702 | ... AD33: =AD32/$AE$33 -> 0.99173554 | AE33: 12.1
H34: To identify the x impact, user must locate the general table first and then look for the | P34: General by row/User by column
H35: column in response to the action statement before identifying the weight figure. | Q35: 12 Big Questions (B.Q.) | S35: Question-1 | T35: Question-2 | U35: Question-3 | V35: Question-4 | W35: Question-5 | X35: Question-6 | Y35: Question-7 | Z35: Question-8 | AA35: Question-9 | AB35: Question-10 | AC35: Question-11 | AD35: Question-12 | AE35: To add 0.1 to 12 to avoid weight = 1
S36: World | T36: Country | U36: Society | V36: Business | W36: Organization | X36: Team | Y36: Product | Z36: Process | AA36: Problem | AB36: Uncertainty | AC36: Completion | AD36: Self
Q37: Priority | S37: 12 | T37: 1 | U37: 2 | V37: 3 | W37: 4 | X37: 5 | Y37: 6 | Z37: 7 | AA37: 8 | AB37: 9 | AC37: 10 | AD37: 11
P38: =T36 -> Country | Q38: Weight by Priority to 12 | R38: Low 1 - High 12 | S38: =S37/$AE$33 -> 0.99173554 | T38: =T37/$AE$33 -> 0.082644628 | U38: =U37/$AE$33 -> 0.16528926 | V38: =V37/$AE$33 -> 0.24793388 | W38: =W37/$AE$33 -> 0.33057851 | X38: =X37/$AE$33 -> 0.41322314 | Y38: =Y37/$AE$33 -> 0.49586777 | Z38: =Z37/$AE$33 -> 0.5785124 | ... AD38: =AD37/$AE$33 -> 0.90909091 | AE38: 12.1
P39: General by row/User by column
Q40: 12 Big Questions (B.Q.) | S40: Question-1 | T40: Question-2 | U40: Question-3 | V40: Question-4 | W40: Question-5 | X40: Question-6 | Y40: Question-7 | Z40: Question-8 | AA40: Question-9 | AB40: Question-10 | AC40: Question-11 | AD40: Question-12 | AE40: To add 0.1 to 12 to avoid weight = 1
S41: World | T41: Country | U41: Society | V41: Business | W41: Organization | X41: Team | Y41: Product | Z41: Process | AA41: Problem | AB41: Uncertainty | AC41: Completion | AD41: Self
Q42: Priority | S42: 11 | T42: 12 | U42: 1 | V42: 2 | W42: 3 | X42: 4 | Y42: 5 | Z42: 6 | AA42: 7 | AB42: 8 | AC42: 9 | AD42: 10
P43: =U41 -> Society | Q43: Weight by Priority to 12 | R43: Low 1 - High 12 | S43: =S42/$AE$33 -> 0.90909091 | T43: =T42/$AE$33 -> 0.99173554 | U43: =U42/$AE$33 -> 0.082644628 | V43: =V42/$AE$33 -> 0.16528926 | W43: =W42/$AE$33 -> 0.24793388 | X43: =X42/$AE$33 -> 0.33057851 | Y43: =Y42/$AE$33 -> 0.41322314 | Z43: =Z42/$AE$33 -> 0.49586777 | ... AD43: =AD42/$AE$33 -> 0.82644628 | AE43: 12.1
P44: General by row/User by column
Q45: 12 Big Questions (B.Q.) | S45: Question-1 | T45: Question-2 | U45: Question-3 | V45: Question-4 | W45: Question-5 | X45: Question-6 | Y45: Question-7 | Z45: Question-8 | AA45: Question-9 | AB45: Question-10 | AC45: Question-11 | AD45: Question-12 | AE45: To add 0.1 to 12 to avoid weight = 1
S46: World | T46: Country | U46: Society | V46: Business | W46: Organization | X46: Team | Y46: Product | Z46: Process | AA46: Problem | AB46: Uncertainty | AC46: Completion | AD46: Self
Q47: Priority | S47: 10 | T47: 11 | U47: 12 | V47: 1 | W47: 2 | X47: 3 | Y47: 4 | Z47: 5 | AA47: 6 | AB47: 7 | AC47: 8 | AD47: 9
P48: =V46 -> Business | Q48: Weight by Priority to 12 | R48: Low 1 - High 12 | S48: =S47/$AE$33 -> 0.82644628 | T48: =T47/$AE$33 -> 0.90909091 | U48: =U47/$AE$33 -> 0.99173554 | V48: =V47/$AE$33 -> 0.082644628 | W48: =W47/$AE$33 -> 0.16528926 | X48: =X47/$AE$33 -> 0.24793388 | Y48: =Y47/$AE$33 -> 0.33057851 | Z48: =Z47/$AE$33 -> 0.41322314 | ... AD48: =AD47/$AE$33 -> 0.74380165 | AE48: 12.1
P49: General by row/User by column
Q50: 12 Big Questions (B.Q.) | S50: Question-1 | T50: Question-2 | U50: Question-3 | V50: Question-4 | W50: Question-5 | X50: Question-6 | Y50: Question-7 | Z50: Question-8 | AA50: Question-9 | AB50: Question-10 | AC50: Question-11 | AD50: Question-12 | AE50: To add 0.1 to 12 to avoid weight = 1
S51: World | T51: Country | U51: Society | V51: Business | W51: Organization | X51: Team | Y51: Product | Z51: Process | AA51: Problem | AB51: Uncertainty | AC51: Completion | AD51: Self
Q52: Priority | S52: 9 | T52: 10 | U52: 11 | V52: 12 | W52: 1 | X52: 2 | Y52: 3 | Z52: 4 | AA52: 5 | AB52: 6 | AC52: 7 | AD52: 8
P53: =W51 -> Organization | Q53: Weight by Priority to 12 | R53: Low 1 - High 12 | S53: =S52/$AE$33 -> 0.74380165 | T53: =T52/$AE$33 -> 0.82644628 | U53: =U52/$AE$33 -> 0.90909091 | V53: =V52/$AE$33 -> 0.99173554 | W53: =W52/$AE$33 -> 0.082644628 | X53: =X52/$AE$33 -> 0.16528926 | Y53: =Y52/$AE$33 -> 0.24793388 | Z53: =Z52/$AE$33 -> 0.33057851 | ... AD53: =AD52/$AE$33 -> 0.66115702 | AE53: 12.1
P54: General by row/User by column
Q55: 12 Big Questions (B.Q.) | S55: Question-1 | T55: Question-2 | U55: Question-3 | V55: Question-4 | W55: Question-5 | X55: Question-6 | Y55: Question-7 | Z55: Question-8 | AA55: Question-9 | AB55: Question-10 | AC55: Question-11 | AD55: Question-12 | AE55: To add 0.1 to 12 to avoid weight = 1
S56: World | T56: Country | U56: Society | V56: Business | W56: Organization | X56: Team | Y56: Product | Z56: Process | AA56: Problem | AB56: Uncertainty | AC56: Completion | AD56: Self
Q57: Priority | S57: 8 | T57: 9 | U57: 10 | V57: 11 | W57: 12 | X57: 1 | Y57: 2 | Z57: 3 | AA57: 4 | AB57: 5 | AC57: 6 | AD57: 7
P58: =X56 -> Team | Q58: Weight by Priority to 12 | R58: Low 1 - High 12 | S58: =S57/$AE$33 -> 0.66115702 | T58: =T57/$AE$33 -> 0.74380165 | U58: =U57/$AE$33 -> 0.82644628 | V58: =V57/$AE$33 -> 0.90909091 | W58: =W57/$AE$33 -> 0.99173554 | X58: =X57/$AE$33 -> 0.082644628 | Y58: =Y57/$AE$33 -> 0.16528926 | Z58: =Z57/$AE$33 -> 0.24793388 | ... AD58: =AD57/$AE$33 -> 0.5785124 | AE58: 12.1
P59: General by row/User by column
Q60: 12 Big Questions (B.Q.) | S60: Question-1 | T60: Question-2 | U60: Question-3 | V60: Question-4 | W60: Question-5 | X60: Question-6 | Y60: Question-7 | Z60: Question-8 | AA60: Question-9 | AB60: Question-10 | AC60: Question-11 | AD60: Question-12 | AE60: To add 0.1 to 12 to avoid weight = 1
S61: World | T61: Country | U61: Society | V61: Business | W61: Organization | X61: Team | Y61: Product | Z61: Process | AA61: Problem | AB61: Uncertainty | AC61: Completion | AD61: Self
Q62: Priority | S62: 7 | T62: 8 | U62: 9 | V62: 10 | W62: 11 | X62: 12 | Y62: 1 | Z62: 2 | AA62: 3 | AB62: 4 | AC62: 5 | AD62: 6
P63: =Y61 -> Product | Q63: Weight by Priority to 12 | R63: Low 1 - High 12 | S63: =S62/$AE$33 -> 0.5785124 | T63: =T62/$AE$33 -> 0.66115702 | U63: =U62/$AE$33 -> 0.74380165 | V63: =V62/$AE$33 -> 0.82644628 | W63: =W62/$AE$33 -> 0.90909091 | X63: =X62/$AE$33 -> 0.99173554 | Y63: =Y62/$AE$33 -> 0.082644628 | Z63: =Z62/$AE$33 -> 0.16528926 | ... AD63: =AD62/$AE$33 -> 0.49586777 | AE63: 12.1
P64: General by row/User by column
Q65: 12 Big Questions (B.Q.) | S65: Question-1 | T65: Question-2 | U65: Question-3 | V65: Question-4 | W65: Question-5 | X65: Question-6 | Y65: Question-7 | Z65: Question-8 | AA65: Question-9 | AB65: Question-10 | AC65: Question-11 | AD65: Question-12 | AE65: To add 0.1 to 12 to avoid weight = 1
S66: World | T66: Country | U66: Society | V66: Business | W66: Organization | X66: Team | Y66: Product | Z66: Process | AA66: Problem | AB66: Uncertainty | AC66: Completion | AD66: Self
Q67: Priority | S67: 6 | T67: 7 | U67: 8 | V67: 9 | W67: 10 | X67: 11 | Y67: 12 | Z67: 1 | AA67: 2 | AB67: 3 | AC67: 4 | AD67: 5
P68: =Z66 -> Process | Q68: Weight by Priority to 12 | R68: Low 1 - High 12 | S68: =S67/$AE$33 -> 0.49586777 | T68: =T67/$AE$33 -> 0.5785124 | U68: =U67/$AE$33 -> 0.66115702 | V68: =V67/$AE$33 -> 0.74380165 | W68: =W67/$AE$33 -> 0.82644628 | X68: =X67/$AE$33 -> 0.90909091 | Y68: =Y67/$AE$33 -> 0.99173554 | Z68: =Z67/$AE$33 -> 0.082644628 | ... AD68: =AD67/$AE$33 -> 0.41322314 | AE68: 12.1
P69: General by row/User by column
Q70: 12 Big Questions (B.Q.) | S70: Question-1 | T70: Question-2 | U70: Question-3 | V70: Question-4 | W70: Question-5 | X70: Question-6 | Y70: Question-7 | Z70: Question-8 | AA70: Question-9 | AB70: Question-10 | AC70: Question-11 | AD70: Question-12 | AE70: To add 0.1 to 12 to avoid weight = 1
S71: World | T71: Country | U71: Society | V71: Business | W71: Organization | X71: Team | Y71: Product | Z71: Process | AA71: Problem | AB71: Uncertainty | AC71: Completion | AD71: Self
Q72: Priority | S72: 5 | T72: 6 | U72: 7 | V72: 8 | W72: 9 | X72: 10 | Y72: 11 | Z72: 12 | AA72: 1 | AB72: 2 | AC72: 3 | AD72: 4
P73: =AA71 -> Problem | Q73: Weight by Priority to 12 | R73: Low 1 - High 12 | S73: =S72/$AE$33 -> 0.41322314 | T73: =T72/$AE$33 -> 0.49586777 | U73: =U72/$AE$33 -> 0.5785124 | V73: =V72/$AE$33 -> 0.66115702 | W73: =W72/$AE$33 -> 0.74380165 | X73: =X72/$AE$33 -> 0.82644628 | Y73: =Y72/$AE$33 -> 0.90909091 | Z73: =Z72/$AE$33 -> 0.99173554 | ... AD73: =AD72/$AE$33 -> 0.33057851 | AE73: 12.1
P74: General by row/User by column
Q75: 12 Big Questions (B.Q.) | S75: Question-1 | T75: Question-2 | U75: Question-3 | V75: Question-4 | W75: Question-5 | X75: Question-6 | Y75: Question-7 | Z75: Question-8 | AA75: Question-9 | AB75: Question-10 | AC75: Question-11 | AD75: Question-12 | AE75: To add 0.1 to 12 to avoid weight = 1
S76: World | T76: Country | U76: Society | V76: Business | W76: Organization | X76: Team | Y76: Product | Z76: Process | AA76: Problem | AB76: Uncertainty | AC76: Completion | AD76: Self
Q77: Priority | S77: 4 | T77: 5 | U77: 6 | V77: 7 | W77: 8 | X77: 9 | Y77: 10 | Z77: 11 | AA77: 12 | AB77: 1 | AC77: 2 | AD77: 3
P78: =AB76 -> Uncertainty | Q78: Weight by Priority to 12 | R78: Low 1 - High 12 | S78: =S77/$AE$33 -> 0.33057851 | T78: =T77/$AE$33 -> 0.41322314 | U78: =U77/$AE$33 -> 0.49586777 | V78: =V77/$AE$33 -> 0.5785124 | W78: =W77/$AE$33 -> 0.66115702 | X78: =X77/$AE$33 -> 0.74380165 | Y78: =Y77/$AE$33 -> 0.82644628 | Z78: =Z77/$AE$33 -> 0.90909091 | ... AD78: =AD77/$AE$33 -> 0.24793388 | AE78: 12.1
P79: General by row/User by column
Q80: 12 Big Questions (B.Q.) | S80: Question-1 | T80: Question-2 | U80: Question-3 | V80: Question-4 | W80: Question-5 | X80: Question-6 | Y80: Question-7 | Z80: Question-8 | AA80: Question-9 | AB80: Question-10 | AC80: Question-11 | AD80: Question-12 | AE80: To add 0.1 to 12 to avoid weight = 1
S81: World | T81: Country | U81: Society | V81: Business | W81: Organization | X81: Team | Y81: Product | Z81: Process | AA81: Problem | AB81: Uncertainty | AC81: Completion | AD81: Self
Q82: Priority | S82: 3 | T82: 4 | U82: 5 | V82: 6 | W82: 7 | X82: 8 | Y82: 9 | Z82: 10 | AA82: 11 | AB82: 12 | AC82: 1 | AD82: 2
P83: =AC81 -> Completion | Q83: Weight by Priority to 12 | R83: Low 1 - High 12 | S83: =S82/$AE$33 -> 0.24793388 | T83: =T82/$AE$33 -> 0.33057851 | U83: =U82/$AE$33 -> 0.41322314 | V83: =V82/$AE$33 -> 0.49586777 | W83: =W82/$AE$33 -> 0.5785124 | X83: =X82/$AE$33 -> 0.66115702 | Y83: =Y82/$AE$33 -> 0.74380165 | Z83: =Z82/$AE$33 -> 0.82644628 | ... AD83: =AD82/$AE$33 -> 0.16528926 | AE83: 12.1
P84: General by row/User by column
Q85: 12 Big Questions (B.Q.) | S85: Question-1 | T85: Question-2 | U85: Question-3 | V85: Question-4 | W85: Question-5 | X85: Question-6 | Y85: Question-7 | Z85: Question-8 | AA85: Question-9 | AB85: Question-10 | AC85: Question-11 | AD85: Question-12 | AE85: To add 0.1 to 12 to avoid weight = 1
S86: World | T86: Country | U86: Society | V86: Business | W86: Organization | X86: Team | Y86: Product | Z86: Process | AA86: Problem | AB86: Uncertainty | AC86: Completion | AD86: Self
Q87: Priority | S87: 2 | T87: 3 | U87: 4 | V87: 5 | W87: 6 | X87: 7 | Y87: 8 | Z87: 9 | AA87: 10 | AB87: 11 | AC87: 12 | AD87: 1
P88: =AD86 -> Self | Q88: Weight by Priority to 12 | R88: Low 1 - High 12 | S88: =S87/$AE$33 -> 0.16528926 | T88: =T87/$AE$33 -> 0.24793388 | U88: =U87/$AE$33 -> 0.33057851 | V88: =V87/$AE$33 -> 0.41322314 | W88: =W87/$AE$33 -> 0.49586777 | X88: =X87/$AE$33 -> 0.5785124 | Y88: =Y87/$AE$33 -> 0.66115702 | Z88: =Z87/$AE$33 -> 0.74380165 | ... AD88: =AD87/$AE$33 -> 0.082644628 | AE88: 12.1
P89: General by row/User by column
O91: Impact | R91: in long term | T91: higher is better
Q93: Impact Level | R93: Kirdomicism Principle Factor | W93: Total by Level
G94: y | H94: Indicate the impact number | R94: Anxergy | S94: Exdysivity | T94: Dexterience | U94: Avalremy | V94: Atammayata
Q95: 12 | R95: 0.12 | S95: 0.12 | T95: 0.12 | U95: 0.12 | V95: 0.12 | W95: =SUM(R95:V95) -> 0.6
Q96: 11 | R96: 0.11 | S96: 0.11 | T96: 0.11 | U96: 0.11 | V96: 0.11 | W96: =SUM(R96:V96) -> 0.55
H97: Select the impact figure based on the leval and relevance of the action to be performed. | Q97: 10 | R97: 0.1 | S97: 0.1 | T97: 0.1 | U97: 0.1 | V97: 0.1 | W97: =SUM(R97:V97) -> 0.5
Q98: 9 | R98: 0.09 | S98: 0.09 | T98: 0.09 | U98: 0.09 | V98: 0.09 | W98: =SUM(R98:V98) -> 0.45
Q99: 8 | R99: 0.08 | S99: 0.08 | T99: 0.08 | U99: 0.08 | V99: 0.08 | W99: =SUM(R99:V99) -> 0.4
Q100: 7 | R100: 0.07 | S100: 0.07 | T100: 0.07 | U100: 0.07 | V100: 0.07 | W100: =SUM(R100:V100) -> 0.35
Q101: 6 | R101: 0.06 | S101: 0.06 | T101: 0.06 | U101: 0.06 | V101: 0.06 | W101: =SUM(R101:V101) -> 0.3
Q102: 5 | R102: 0.05 | S102: 0.05 | T102: 0.05 | U102: 0.05 | V102: 0.05 | W102: =SUM(R102:V102) -> 0.25
Q103: 4 | R103: 0.04 | S103: 0.04 | T103: 0.04 | U103: 0.04 | V103: 0.04 | W103: =SUM(R103:V103) -> 0.2
Q104: 3 | R104: 0.03 | S104: 0.03 | T104: 0.03 | U104: 0.03 | V104: 0.03 | W104: =SUM(R104:V104) -> 0.15
Q105: 2 | R105: 0.02 | S105: 0.02 | T105: 0.02 | U105: 0.02 | V105: 0.02 | W105: =SUM(R105:V105) -> 0.1
Q106: 1 | R106: 0.01 | S106: 0.01 | T106: 0.01 | U106: 0.01 | V106: 0.01 | W106: =SUM(R106:V106) -> 0.05
Q107: -1 | R107: =-R106 -> -0.01 | S107: =-S106 -> -0.01 | T107: =-T106 -> -0.01 | U107: =-U106 -> -0.01 | V107: =-V106 -> -0.01 | W107: =SUM(R107:V107) -> -0.05
Q108: -2 | R108: =-R105 -> -0.02 | S108: =-S105 -> -0.02 | T108: =-T105 -> -0.02 | U108: =-U105 -> -0.02 | V108: =-V105 -> -0.02 | W108: =SUM(R108:V108) -> -0.1
Q109: -3 | R109: =-R104 -> -0.03 | S109: =-S104 -> -0.03 | T109: =-T104 -> -0.03 | U109: =-U104 -> -0.03 | V109: =-V104 -> -0.03 | W109: =SUM(R109:V109) -> -0.15
Q110: -4 | R110: =-R103 -> -0.04 | S110: =-S103 -> -0.04 | T110: =-T103 -> -0.04 | U110: =-U103 -> -0.04 | V110: =-V103 -> -0.04 | W110: =SUM(R110:V110) -> -0.2
Q111: -5 | R111: =-R102 -> -0.05 | S111: =-S102 -> -0.05 | T111: =-T102 -> -0.05 | U111: =-U102 -> -0.05 | V111: =-V102 -> -0.05 | W111: =SUM(R111:V111) -> -0.25
Q112: -6 | R112: =-R101 -> -0.06 | S112: =-S101 -> -0.06 | T112: =-T101 -> -0.06 | U112: =-U101 -> -0.06 | V112: =-V101 -> -0.06 | W112: =SUM(R112:V112) -> -0.3
Q113: -7 | R113: =-R100 -> -0.07 | S113: =-S100 -> -0.07 | T113: =-T100 -> -0.07 | U113: =-U100 -> -0.07 | V113: =-V100 -> -0.07 | W113: =SUM(R113:V113) -> -0.35
Q114: -8 | R114: =-R99 -> -0.08 | S114: =-S99 -> -0.08 | T114: =-T99 -> -0.08 | U114: =-U99 -> -0.08 | V114: =-V99 -> -0.08 | W114: =SUM(R114:V114) -> -0.4
Q115: -9 | R115: =-R98 -> -0.09 | S115: =-S98 -> -0.09 | T115: =-T98 -> -0.09 | U115: =-U98 -> -0.09 | V115: =-V98 -> -0.09 | W115: =SUM(R115:V115) -> -0.45
Q116: -10 | R116: =-R97 -> -0.1 | S116: =-S97 -> -0.1 | T116: =-T97 -> -0.1 | U116: =-U97 -> -0.1 | V116: =-V97 -> -0.1 | W116: =SUM(R116:V116) -> -0.5
Q117: -11 | R117: =-R96 -> -0.11 | S117: =-S96 -> -0.11 | T117: =-T96 -> -0.11 | U117: =-U96 -> -0.11 | V117: =-V96 -> -0.11 | W117: =SUM(R117:V117) -> -0.55
Q118: -12 | R118: =-R95 -> -0.12 | S118: =-S95 -> -0.12 | T118: =-T95 -> -0.12 | U118: =-U95 -> -0.12 | V118: =-V95 -> -0.12 | W118: =SUM(R118:V118) -> -0.6
H121: Avalrem | J121: = | K121: C
K122: (a - i)
I124: i | J124: = | K124: x*y
F126: Rule | H126: Avalrem | J126: = | K126: C | S126: ∑
K127: (a - (x*y))
F132: Result
...

Sheet 7 Action Levels

Sheet Standard Avalrem Table
A1: STANDARD AVALREM BY CARD & COLOR
B3: Calculate from 25 action grid value and average by dividing with 25
B5: Calculator Formula | J5: Impact Factor Factor | L5: ='Success Rate'!E9 -> 2 | M5: ='Success Rate'!C9 -> Exceptional | R5: At Success Factor | T5: ='Success Rate'!E10 -> 1.5 | U5: ='Success Rate'!C10 -> Excellent | Z5: At Success Factor | AB5: ='Success Rate'!E11 -> 1.2 | AC5: ='Success Rate'!C11 -> Very good | AH5: At Success Factor | AJ5: ='Success Rate'!E12 -> 1 | AK5: ='Success Rate'!C12 -> Good
B7: Card No. | C7: Anxergy | D7: Exdysivity | E7: Dexterience | F7: Avalremy | G7: Atammayata | J7: Card No. | K7: Anxergy | L7: Exdysivity | M7: Dexterience | N7: Avalremy | O7: Atammayata | R7: Card No. | S7: Anxergy | T7: Exdysivity | U7: Dexterience | V7: Avalremy | W7: Atammayata | Z7: Card No. | AA7: Anxergy | AB7: Exdysivity | AC7: Dexterience | AD7: Avalremy | AE7: Atammayata | AH7: Card No. | AI7: Anxergy | AJ7: Exdysivity | AK7: Dexterience | AL7: Avalremy | AM7: Atammayata
C8: 2 WORDS COMBINED VALUE | K8: 2 WORDS COMBINED VALUE | S8: 2 WORDS COMBINED VALUE | AA8: 2 WORDS COMBINED VALUE | AI8: 2 WORDS COMBINED VALUE
B9: 1 | C9: =C25+C40 -> 43.024632 | D9: =D25+D40 -> 41.304455 | E9: =E25+E40 -> 41.496251 | F9: =F25+F40 -> 40.919825 | G9: =G25+G40 -> 40.050079 | J9: 1 | K9: =$L$5*C9 -> 86.049264 | L9: =$L$5*D9 -> 82.60891 | M9: =$L$5*E9 -> 82.992503 | N9: =$L$5*F9 -> 81.839651 | O9: =$L$5*G9 -> 80.100158 | R9: 1 | S9: =$T$5*C9 -> 64.536948 | T9: =$T$5*D9 -> 61.956682 | U9: =$T$5*E9 -> 62.244377 | V9: =$T$5*F9 -> 61.379738 | W9: =$T$5*G9 -> 60.075118 | Z9: 1 | AA9: =$AB$5*C9 -> 51.629559 | AB9: =$AB$5*D9 -> 49.565346 | AC9: =$AB$5*E9 -> 49.795502 | AD9: =$AB$5*F9 -> 49.103791 | AE9: =$AB$5*G9 -> 48.060095 | AH9: 1 | AI9: =$AJ$5*C9 -> 43.024632 | AJ9: =$AJ$5*D9 -> 41.304455 | AK9: =$AJ$5*E9 -> 41.496251 | AL9: =$AJ$5*F9 -> 40.919825 | AM9: =$AJ$5*G9 -> 40.050079
B10: 2 | C10: =C26+C41 -> 47.279475 | D10: =D26+D41 -> 44.990974 | E10: =E26+E41 -> 45.59935 | F10: =F26+F41 -> 44.370263 | G10: =G26+G41 -> 43.938674 | J10: 2 | K10: =$L$5*C10 -> 94.558949 | L10: =$L$5*D10 -> 89.981949 | M10: =$L$5*E10 -> 91.1987 | N10: =$L$5*F10 -> 88.740527 | O10: =$L$5*G10 -> 87.877347 | R10: 2 | S10: =$T$5*C10 -> 70.919212 | T10: =$T$5*D10 -> 67.486462 | U10: =$T$5*E10 -> 68.399025 | V10: =$T$5*F10 -> 66.555395 | W10: =$T$5*G10 -> 65.908011 | Z10: 2 | AA10: =$AB$5*C10 -> 56.735369 | AB10: =$AB$5*D10 -> 53.989169 | AC10: =$AB$5*E10 -> 54.71922 | AD10: =$AB$5*F10 -> 53.244316 | AE10: =$AB$5*G10 -> 52.726408 | AH10: 2 | AI10: =$AJ$5*C10 -> 47.279475 | AJ10: =$AJ$5*D10 -> 44.990974 | AK10: =$AJ$5*E10 -> 45.59935 | AL10: =$AJ$5*F10 -> 44.370263 | AM10: =$AJ$5*G10 -> 43.938674
B11: 3 | C11: =C27+C42 -> 48.616182 | D11: =D27+D42 -> 47.055372 | E11: =E27+E42 -> 46.964332 | F11: =F27+F42 -> 45.987895 | G11: =G27+G42 -> 45.363963 | J11: 3 | K11: =$L$5*C11 -> 97.232365 | L11: =$L$5*D11 -> 94.110744 | M11: =$L$5*E11 -> 93.928664 | N11: =$L$5*F11 -> 91.97579 | O11: =$L$5*G11 -> 90.727927 | R11: 3 | S11: =$T$5*C11 -> 72.924274 | T11: =$T$5*D11 -> 70.583058 | U11: =$T$5*E11 -> 70.446498 | V11: =$T$5*F11 -> 68.981842 | W11: =$T$5*G11 -> 68.045945 | Z11: 3 | AA11: =$AB$5*C11 -> 58.339419 | AB11: =$AB$5*D11 -> 56.466446 | AC11: =$AB$5*E11 -> 56.357199 | AD11: =$AB$5*F11 -> 55.185474 | AE11: =$AB$5*G11 -> 54.436756 | AH11: 3 | AI11: =$AJ$5*C11 -> 48.616182 | AJ11: =$AJ$5*D11 -> 47.055372 | AK11: =$AJ$5*E11 -> 46.964332 | AL11: =$AJ$5*F11 -> 45.987895 | AM11: =$AJ$5*G11 -> 45.363963
B12: 4 | C12: =C28+C43 -> 49.852081 | D12: =D28+D43 -> 47.344467 | E12: =E28+E43 -> 47.408548 | F12: =F28+F43 -> 46.08407 | G12: =G28+G43 -> 46.037439 | J12: 4 | K12: =$L$5*C12 -> 99.704162 | L12: =$L$5*D12 -> 94.688935 | M12: =$L$5*E12 -> 94.817096 | N12: =$L$5*F12 -> 92.168141 | O12: =$L$5*G12 -> 92.074878 | R12: 4 | S12: =$T$5*C12 -> 74.778121 | T12: =$T$5*D12 -> 71.016701 | U12: =$T$5*E12 -> 71.112822 | V12: =$T$5*F12 -> 69.126105 | W12: =$T$5*G12 -> 69.056158 | Z12: 4 | AA12: =$AB$5*C12 -> 59.822497 | AB12: =$AB$5*D12 -> 56.813361 | AC12: =$AB$5*E12 -> 56.890258 | AD12: =$AB$5*F12 -> 55.300884 | AE12: =$AB$5*G12 -> 55.244927 | AH12: 4 | AI12: =$AJ$5*C12 -> 49.852081 | AJ12: =$AJ$5*D12 -> 47.344467 | AK12: =$AJ$5*E12 -> 47.408548 | AL12: =$AJ$5*F12 -> 46.08407 | AM12: =$AJ$5*G12 -> 46.037439
B13: 5 | C13: =C29+C44 -> 45.597239 | D13: =D29+D44 -> 43.657948 | E13: =E29+E44 -> 43.305449 | F13: =F29+F44 -> 42.633632 | G13: =G29+G44 -> 42.148844 | J13: 5 | K13: =$L$5*C13 -> 91.194477 | L13: =$L$5*D13 -> 87.315896 | M13: =$L$5*E13 -> 86.610899 | N13: =$L$5*F13 -> 85.267264 | O13: =$L$5*G13 -> 84.297688 | R13: 5 | S13: =$T$5*C13 -> 68.395858 | T13: =$T$5*D13 -> 65.486922 | U13: =$T$5*E13 -> 64.958174 | V13: =$T$5*F13 -> 63.950448 | W13: =$T$5*G13 -> 63.223266 | Z13: 5 | AA13: =$AB$5*C13 -> 54.716686 | AB13: =$AB$5*D13 -> 52.389538 | AC13: =$AB$5*E13 -> 51.966539 | AD13: =$AB$5*F13 -> 51.160359 | AE13: =$AB$5*G13 -> 50.578613 | AH13: 5 | AI13: =$AJ$5*C13 -> 45.597239 | AJ13: =$AJ$5*D13 -> 43.657948 | AK13: =$AJ$5*E13 -> 43.305449 | AL13: =$AJ$5*F13 -> 42.633632 | AM13: =$AJ$5*G13 -> 42.148844
B14: 6 | C14: =C30+C45 -> 44.260531 | D14: =D30+D45 -> 41.59355 | E14: =E30+E45 -> 41.940467 | F14: =F30+F45 -> 41.016001 | G14: =G30+G45 -> 40.723555 | J14: 6 | K14: =$L$5*C14 -> 88.521062 | L14: =$L$5*D14 -> 83.1871 | M14: =$L$5*E14 -> 83.880934 | N14: =$L$5*F14 -> 82.032002 | O14: =$L$5*G14 -> 81.447109 | R14: 6 | S14: =$T$5*C14 -> 66.390796 | T14: =$T$5*D14 -> 62.390325 | U14: =$T$5*E14 -> 62.910701 | V14: =$T$5*F14 -> 61.524001 | W14: =$T$5*G14 -> 61.085332 | Z14: 6 | AA14: =$AB$5*C14 -> 53.112637 | AB14: =$AB$5*D14 -> 49.91226 | AC14: =$AB$5*E14 -> 50.328561 | AD14: =$AB$5*F14 -> 49.219201 | AE14: =$AB$5*G14 -> 48.868265 | AH14: 6 | AI14: =$AJ$5*C14 -> 44.260531 | AJ14: =$AJ$5*D14 -> 41.59355 | AK14: =$AJ$5*E14 -> 41.940467 | AL14: =$AJ$5*F14 -> 41.016001 | AM14: =$AJ$5*G14 -> 40.723555
B15: 7 | C15: =C31+C46 -> 43.024632 | D15: =D31+D46 -> 41.304455 | E15: =E31+E46 -> 41.496251 | F15: =F31+F46 -> 40.919825 | G15: =G31+G46 -> 40.050079 | J15: 7 | K15: =$L$5*C15 -> 86.049264 | L15: =$L$5*D15 -> 82.60891 | M15: =$L$5*E15 -> 82.992503 | N15: =$L$5*F15 -> 81.839651 | O15: =$L$5*G15 -> 80.100158 | R15: 7 | S15: =$T$5*C15 -> 64.536948 | T15: =$T$5*D15 -> 61.956682 | U15: =$T$5*E15 -> 62.244377 | V15: =$T$5*F15 -> 61.379738 | W15: =$T$5*G15 -> 60.075118 | Z15: 7 | AA15: =$AB$5*C15 -> 51.629559 | AB15: =$AB$5*D15 -> 49.565346 | AC15: =$AB$5*E15 -> 49.795502 | AD15: =$AB$5*F15 -> 49.103791 | AE15: =$AB$5*G15 -> 48.060095 | AH15: 7 | AI15: =$AJ$5*C15 -> 43.024632 | AJ15: =$AJ$5*D15 -> 41.304455 | AK15: =$AJ$5*E15 -> 41.496251 | AL15: =$AJ$5*F15 -> 40.919825 | AM15: =$AJ$5*G15 -> 40.050079
B16: 8 | C16: =C32+C47 -> 47.279475 | D16: =D32+D47 -> 44.990974 | E16: =E32+E47 -> 45.59935 | F16: =F32+F47 -> 44.370263 | G16: =G32+G47 -> 43.938674 | J16: 8 | K16: =$L$5*C16 -> 94.558949 | L16: =$L$5*D16 -> 89.981949 | M16: =$L$5*E16 -> 91.1987 | N16: =$L$5*F16 -> 88.740527 | O16: =$L$5*G16 -> 87.877347 | R16: 8 | S16: =$T$5*C16 -> 70.919212 | T16: =$T$5*D16 -> 67.486462 | U16: =$T$5*E16 -> 68.399025 | V16: =$T$5*F16 -> 66.555395 | W16: =$T$5*G16 -> 65.908011 | Z16: 8 | AA16: =$AB$5*C16 -> 56.735369 | AB16: =$AB$5*D16 -> 53.989169 | AC16: =$AB$5*E16 -> 54.71922 | AD16: =$AB$5*F16 -> 53.244316 | AE16: =$AB$5*G16 -> 52.726408 | AH16: 8 | AI16: =$AJ$5*C16 -> 47.279475 | AJ16: =$AJ$5*D16 -> 44.990974 | AK16: =$AJ$5*E16 -> 45.59935 | AL16: =$AJ$5*F16 -> 44.370263 | AM16: =$AJ$5*G16 -> 43.938674
B17: 9 | C17: =C33+C48 -> 48.616182 | D17: =D33+D48 -> 47.055372 | E17: =E33+E48 -> 46.964332 | F17: =F33+F48 -> 45.987895 | G17: =G33+G48 -> 45.363963 | J17: 9 | K17: =$L$5*C17 -> 97.232365 | L17: =$L$5*D17 -> 94.110744 | M17: =$L$5*E17 -> 93.928664 | N17: =$L$5*F17 -> 91.97579 | O17: =$L$5*G17 -> 90.727927 | R17: 9 | S17: =$T$5*C17 -> 72.924274 | T17: =$T$5*D17 -> 70.583058 | U17: =$T$5*E17 -> 70.446498 | V17: =$T$5*F17 -> 68.981842 | W17: =$T$5*G17 -> 68.045945 | Z17: 9 | AA17: =$AB$5*C17 -> 58.339419 | AB17: =$AB$5*D17 -> 56.466446 | AC17: =$AB$5*E17 -> 56.357199 | AD17: =$AB$5*F17 -> 55.185474 | AE17: =$AB$5*G17 -> 54.436756 | AH17: 9 | AI17: =$AJ$5*C17 -> 48.616182 | AJ17: =$AJ$5*D17 -> 47.055372 | AK17: =$AJ$5*E17 -> 46.964332 | AL17: =$AJ$5*F17 -> 45.987895 | AM17: =$AJ$5*G17 -> 45.363963
B18: 10 | C18: =C34+C49 -> 49.852081 | D18: =D34+D49 -> 47.344467 | E18: =E34+E49 -> 47.408548 | F18: =F34+F49 -> 46.08407 | G18: =G34+G49 -> 46.037439 | J18: 10 | K18: =$L$5*C18 -> 99.704162 | L18: =$L$5*D18 -> 94.688935 | M18: =$L$5*E18 -> 94.817096 | N18: =$L$5*F18 -> 92.168141 | O18: =$L$5*G18 -> 92.074878 | R18: 10 | S18: =$T$5*C18 -> 74.778121 | T18: =$T$5*D18 -> 71.016701 | U18: =$T$5*E18 -> 71.112822 | V18: =$T$5*F18 -> 69.126105 | W18: =$T$5*G18 -> 69.056158 | Z18: 10 | AA18: =$AB$5*C18 -> 59.822497 | AB18: =$AB$5*D18 -> 56.813361 | AC18: =$AB$5*E18 -> 56.890258 | AD18: =$AB$5*F18 -> 55.300884 | AE18: =$AB$5*G18 -> 55.244927 | AH18: 10 | AI18: =$AJ$5*C18 -> 49.852081 | AJ18: =$AJ$5*D18 -> 47.344467 | AK18: =$AJ$5*E18 -> 47.408548 | AL18: =$AJ$5*F18 -> 46.08407 | AM18: =$AJ$5*G18 -> 46.037439
B19: 11 | C19: =C35+C50 -> 45.597239 | D19: =D35+D50 -> 43.657948 | E19: =E35+E50 -> 43.305449 | F19: =F35+F50 -> 42.633632 | G19: =G35+G50 -> 42.148844 | J19: 11 | K19: =$L$5*C19 -> 91.194477 | L19: =$L$5*D19 -> 87.315896 | M19: =$L$5*E19 -> 86.610899 | N19: =$L$5*F19 -> 85.267264 | O19: =$L$5*G19 -> 84.297688 | R19: 11 | S19: =$T$5*C19 -> 68.395858 | T19: =$T$5*D19 -> 65.486922 | U19: =$T$5*E19 -> 64.958174 | V19: =$T$5*F19 -> 63.950448 | W19: =$T$5*G19 -> 63.223266 | Z19: 11 | AA19: =$AB$5*C19 -> 54.716686 | AB19: =$AB$5*D19 -> 52.389538 | AC19: =$AB$5*E19 -> 51.966539 | AD19: =$AB$5*F19 -> 51.160359 | AE19: =$AB$5*G19 -> 50.578613 | AH19: 11 | AI19: =$AJ$5*C19 -> 45.597239 | AJ19: =$AJ$5*D19 -> 43.657948 | AK19: =$AJ$5*E19 -> 43.305449 | AL19: =$AJ$5*F19 -> 42.633632 | AM19: =$AJ$5*G19 -> 42.148844
B20: 12 | C20: =C36+C51 -> 44.260531 | D20: =D36+D51 -> 41.59355 | E20: =E36+E51 -> 41.940467 | F20: =F36+F51 -> 41.016001 | G20: =G36+G51 -> 40.723555 | J20: 12 | K20: =$L$5*C20 -> 88.521062 | L20: =$L$5*D20 -> 83.1871 | M20: =$L$5*E20 -> 83.880934 | N20: =$L$5*F20 -> 82.032002 | O20: =$L$5*G20 -> 81.447109 | R20: 12 | S20: =$T$5*C20 -> 66.390796 | T20: =$T$5*D20 -> 62.390325 | U20: =$T$5*E20 -> 62.910701 | V20: =$T$5*F20 -> 61.524001 | W20: =$T$5*G20 -> 61.085332 | Z20: 12 | AA20: =$AB$5*C20 -> 53.112637 | AB20: =$AB$5*D20 -> 49.91226 | AC20: =$AB$5*E20 -> 50.328561 | AD20: =$AB$5*F20 -> 49.219201 | AE20: =$AB$5*G20 -> 48.868265 | AH20: 12 | AI20: =$AJ$5*C20 -> 44.260531 | AJ20: =$AJ$5*D20 -> 41.59355 | AK20: =$AJ$5*E20 -> 41.940467 | AL20: =$AJ$5*F20 -> 41.016001 | AM20: =$AJ$5*G20 -> 40.723555
B23: Word-1 Standard Value | J23: Word-1 Standard Value | R23: Word-1 Standard Value | Z23: Word-1 Standard Value | AH23: Word-1 Standard Value
B24: Card No. | C24: Anxergy | D24: Exdysivity | E24: Dexterience | F24: Avalremy | G24: Atammayata | J24: Card No. | K24: Anxergy | L24: Exdysivity | M24: Dexterience | N24: Avalremy | O24: Atammayata | R24: Card No. | S24: Anxergy | T24: Exdysivity | U24: Dexterience | V24: Avalremy | W24: Atammayata | Z24: Card No. | AA24: Anxergy | AB24: Exdysivity | AC24: Dexterience | AD24: Avalremy | AE24: Atammayata | AH24: Card No. | AI24: Anxergy | AJ24: Exdysivity | AK24: Dexterience | AL24: Avalremy | AM24: Atammayata
B25: 1 | C25: =('Detailed Avalerem Tables'!X23+'Detailed Avalerem Tables'!X72+'Detailed Avalerem Tables'!X120+'Detailed Avalerem Tables'!X168+'Detailed Avalerem Tables'!X216+'Detailed Avalerem Tables'!AZ23+'Detailed Avalerem Tables'!AZ72+'Detailed Avalerem Tables'!AZ120+'Detailed Avalerem Tables'!AZ168+'Detailed Avalerem Tables'!AZ216+'Detailed Avalerem Tables'!CB23+'Detailed Avalerem Tables'!CB72+'Detailed Avalerem Tables'!CB120+'Detailed Avalerem Tables'!CB168+'Detailed Avalerem Tables'!CB216+'Detailed Avalerem Tables'!DD23+'Detailed Avalerem Tables'!DD72+'Detailed Avalerem Tables'!DD120+'Detailed Avalerem Tables'!DD168+'Detailed Avalerem Tables'!DD216+'Detailed Avalerem Tables'!EF23+'Detailed Avalerem Tables'!EF72+'Detailed Avalerem Tables'!EF120+'Detailed Avalerem Tables'!EF168+'Detailed Avalerem Tables'!EF216)/25 -> 12.468303 | D25: =('Detailed Avalerem Tables'!Y23+'Detailed Avalerem Tables'!Y72+'Detailed Avalerem Tables'!Y120+'Detailed Avalerem Tables'!Y168+'Detailed Avalerem Tables'!Y216+'Detailed Avalerem Tables'!BA23+'Detailed Avalerem Tables'!BA72+'Detailed Avalerem Tables'!BA120+'Detailed Avalerem Tables'!BA168+'Detailed Avalerem Tables'!BA216+'Detailed Avalerem Tables'!CC23+'Detailed Avalerem Tables'!CC72+'Detailed Avalerem Tables'!CC120+'Detailed Avalerem Tables'!CC168+'Detailed Avalerem Tables'!CC216+'Detailed Avalerem Tables'!DE23+'Detailed Avalerem Tables'!DE72+'Detailed Avalerem Tables'!DE120+'Detailed Avalerem Tables'!DE168+'Detailed Avalerem Tables'!DE216+'Detailed Avalerem Tables'!EG23+'Detailed Avalerem Tables'!EG72+'Detailed Avalerem Tables'!EG120+'Detailed Avalerem Tables'!EG168+'Detailed Avalerem Tables'!EG216)/25 -> 12.36352 | E25: =('Detailed Avalerem Tables'!Z23+'Detailed Avalerem Tables'!Z72+'Detailed Avalerem Tables'!Z120+'Detailed Avalerem Tables'!Z168+'Detailed Avalerem Tables'!Z216+'Detailed Avalerem Tables'!BB23+'Detailed Avalerem Tables'!BB72+'Detailed Avalerem Tables'!BB120+'Detailed Avalerem Tables'!BB168+'Detailed Avalerem Tables'!BB216+'Detailed Avalerem Tables'!CD23+'Detailed Avalerem Tables'!CD72+'Detailed Avalerem Tables'!CD120+'Detailed Avalerem Tables'!CD168+'Detailed Avalerem Tables'!CD216+'Detailed Avalerem Tables'!DF23+'Detailed Avalerem Tables'!DF72+'Detailed Avalerem Tables'!DF120+'Detailed Avalerem Tables'!DF168+'Detailed Avalerem Tables'!DF216+'Detailed Avalerem Tables'!EH23+'Detailed Avalerem Tables'!EH72+'Detailed Avalerem Tables'!EH120+'Detailed Avalerem Tables'!EH168+'Detailed Avalerem Tables'!EH216)/25 -> 12.487747 | F25: =('Detailed Avalerem Tables'!AA23+'Detailed Avalerem Tables'!AA72+'Detailed Avalerem Tables'!AA120+'Detailed Avalerem Tables'!AA168+'Detailed Avalerem Tables'!AA216+'Detailed Avalerem Tables'!BC23+'Detailed Avalerem Tables'!BC72+'Detailed Avalerem Tables'!BC120+'Detailed Avalerem Tables'!BC168+'Detailed Avalerem Tables'!BC216+'Detailed Avalerem Tables'!CE23+'Detailed Avalerem Tables'!CE72+'Detailed Avalerem Tables'!CE120+'Detailed Avalerem Tables'!CE168+'Detailed Avalerem Tables'!CE216+'Detailed Avalerem Tables'!DG23+'Detailed Avalerem Tables'!DG72+'Detailed Avalerem Tables'!DG120+'Detailed Avalerem Tables'!DG168+'Detailed Avalerem Tables'!DG216+'Detailed Avalerem Tables'!EI23+'Detailed Avalerem Tables'!EI72+'Detailed Avalerem Tables'!EI120+'Detailed Avalerem Tables'!EI168+'Detailed Avalerem Tables'!EI216)/25 -> 12.628678 | G25: =('Detailed Avalerem Tables'!AB23+'Detailed Avalerem Tables'!AB72+'Detailed Avalerem Tables'!AB120+'Detailed Avalerem Tables'!AB168+'Detailed Avalerem Tables'!AB216+'Detailed Avalerem Tables'!BD23+'Detailed Avalerem Tables'!BD72+'Detailed Avalerem Tables'!BD120+'Detailed Avalerem Tables'!BD168+'Detailed Avalerem Tables'!BD216+'Detailed Avalerem Tables'!CF23+'Detailed Avalerem Tables'!CF72+'Detailed Avalerem Tables'!CF120+'Detailed Avalerem Tables'!CF168+'Detailed Avalerem Tables'!CF216+'Detailed Avalerem Tables'!DH23+'Detailed Avalerem Tables'!DH72+'Detailed Avalerem Tables'!DH120+'Detailed Avalerem Tables'!DH168+'Detailed Avalerem Tables'!DH216+'Detailed Avalerem Tables'!EJ23+'Detailed Avalerem Tables'!EJ72+'Detailed Avalerem Tables'!EJ120+'Detailed Avalerem Tables'!EJ168+'Detailed Avalerem Tables'!EJ216)/25 -> 12.067767 | J25: 1 | K25: =$L$5*C25 -> 24.936605 | L25: =$L$5*D25 -> 24.727041 | M25: =$L$5*E25 -> 24.975495 | N25: =$L$5*F25 -> 25.257357 | O25: =$L$5*G25 -> 24.135535 | R25: 1 | S25: =$T$5*C25 -> 18.702454 | T25: =$T$5*D25 -> 18.545281 | U25: =$T$5*E25 -> 18.731621 | V25: =$T$5*F25 -> 18.943018 | W25: =$T$5*G25 -> 18.101651 | Z25: 1 | AA25: =$AB$5*C25 -> 14.961963 | AB25: =$AB$5*D25 -> 14.836225 | AC25: =$AB$5*E25 -> 14.985297 | AD25: =$AB$5*F25 -> 15.154414 | AE25: =$AB$5*G25 -> 14.481321 | AH25: 1 | AI25: =$AJ$5*C25 -> 12.468303 | AJ25: =$AJ$5*D25 -> 12.36352 | AK25: =$AJ$5*E25 -> 12.487747 | AL25: =$AJ$5*F25 -> 12.628678 | AM25: =$AJ$5*G25 -> 12.067767
B26: 2 | C26: =('Detailed Avalerem Tables'!X24+'Detailed Avalerem Tables'!X73+'Detailed Avalerem Tables'!X121+'Detailed Avalerem Tables'!X169+'Detailed Avalerem Tables'!X217+'Detailed Avalerem Tables'!AZ24+'Detailed Avalerem Tables'!AZ73+'Detailed Avalerem Tables'!AZ121+'Detailed Avalerem Tables'!AZ169+'Detailed Avalerem Tables'!AZ217+'Detailed Avalerem Tables'!CB24+'Detailed Avalerem Tables'!CB73+'Detailed Avalerem Tables'!CB121+'Detailed Avalerem Tables'!CB169+'Detailed Avalerem Tables'!CB217+'Detailed Avalerem Tables'!DD24+'Detailed Avalerem Tables'!DD73+'Detailed Avalerem Tables'!DD121+'Detailed Avalerem Tables'!DD169+'Detailed Avalerem Tables'!DD217+'Detailed Avalerem Tables'!EF24+'Detailed Avalerem Tables'!EF73+'Detailed Avalerem Tables'!EF121+'Detailed Avalerem Tables'!EF169+'Detailed Avalerem Tables'!EF217)/25 -> 15.430302 | D26: =('Detailed Avalerem Tables'!Y24+'Detailed Avalerem Tables'!Y73+'Detailed Avalerem Tables'!Y121+'Detailed Avalerem Tables'!Y169+'Detailed Avalerem Tables'!Y217+'Detailed Avalerem Tables'!BA24+'Detailed Avalerem Tables'!BA73+'Detailed Avalerem Tables'!BA121+'Detailed Avalerem Tables'!BA169+'Detailed Avalerem Tables'!BA217+'Detailed Avalerem Tables'!CC24+'Detailed Avalerem Tables'!CC73+'Detailed Avalerem Tables'!CC121+'Detailed Avalerem Tables'!CC169+'Detailed Avalerem Tables'!CC217+'Detailed Avalerem Tables'!DE24+'Detailed Avalerem Tables'!DE73+'Detailed Avalerem Tables'!DE121+'Detailed Avalerem Tables'!DE169+'Detailed Avalerem Tables'!DE217+'Detailed Avalerem Tables'!EG24+'Detailed Avalerem Tables'!EG73+'Detailed Avalerem Tables'!EG121+'Detailed Avalerem Tables'!EG169+'Detailed Avalerem Tables'!EG217)/25 -> 14.768225 | E26: =('Detailed Avalerem Tables'!Z24+'Detailed Avalerem Tables'!Z73+'Detailed Avalerem Tables'!Z121+'Detailed Avalerem Tables'!Z169+'Detailed Avalerem Tables'!Z217+'Detailed Avalerem Tables'!BB24+'Detailed Avalerem Tables'!BB73+'Detailed Avalerem Tables'!BB121+'Detailed Avalerem Tables'!BB169+'Detailed Avalerem Tables'!BB217+'Detailed Avalerem Tables'!CD24+'Detailed Avalerem Tables'!CD73+'Detailed Avalerem Tables'!CD121+'Detailed Avalerem Tables'!CD169+'Detailed Avalerem Tables'!CD217+'Detailed Avalerem Tables'!DF24+'Detailed Avalerem Tables'!DF73+'Detailed Avalerem Tables'!DF121+'Detailed Avalerem Tables'!DF169+'Detailed Avalerem Tables'!DF217+'Detailed Avalerem Tables'!EH24+'Detailed Avalerem Tables'!EH73+'Detailed Avalerem Tables'!EH121+'Detailed Avalerem Tables'!EH169+'Detailed Avalerem Tables'!EH217)/25 -> 15.349914 | F26: =('Detailed Avalerem Tables'!AA24+'Detailed Avalerem Tables'!AA73+'Detailed Avalerem Tables'!AA121+'Detailed Avalerem Tables'!AA169+'Detailed Avalerem Tables'!AA217+'Detailed Avalerem Tables'!BC24+'Detailed Avalerem Tables'!BC73+'Detailed Avalerem Tables'!BC121+'Detailed Avalerem Tables'!BC169+'Detailed Avalerem Tables'!BC217+'Detailed Avalerem Tables'!CE24+'Detailed Avalerem Tables'!CE73+'Detailed Avalerem Tables'!CE121+'Detailed Avalerem Tables'!CE169+'Detailed Avalerem Tables'!CE217+'Detailed Avalerem Tables'!DG24+'Detailed Avalerem Tables'!DG73+'Detailed Avalerem Tables'!DG121+'Detailed Avalerem Tables'!DG169+'Detailed Avalerem Tables'!DG217+'Detailed Avalerem Tables'!EI24+'Detailed Avalerem Tables'!EI73+'Detailed Avalerem Tables'!EI121+'Detailed Avalerem Tables'!EI169+'Detailed Avalerem Tables'!EI217)/25 -> 14.818997 | G26: =('Detailed Avalerem Tables'!AB24+'Detailed Avalerem Tables'!AB73+'Detailed Avalerem Tables'!AB121+'Detailed Avalerem Tables'!AB169+'Detailed Avalerem Tables'!AB217+'Detailed Avalerem Tables'!BD24+'Detailed Avalerem Tables'!BD73+'Detailed Avalerem Tables'!BD121+'Detailed Avalerem Tables'!BD169+'Detailed Avalerem Tables'!BD217+'Detailed Avalerem Tables'!CF24+'Detailed Avalerem Tables'!CF73+'Detailed Avalerem Tables'!CF121+'Detailed Avalerem Tables'!CF169+'Detailed Avalerem Tables'!CF217+'Detailed Avalerem Tables'!DH24+'Detailed Avalerem Tables'!DH73+'Detailed Avalerem Tables'!DH121+'Detailed Avalerem Tables'!DH169+'Detailed Avalerem Tables'!DH217+'Detailed Avalerem Tables'!EJ24+'Detailed Avalerem Tables'!EJ73+'Detailed Avalerem Tables'!EJ121+'Detailed Avalerem Tables'!EJ169+'Detailed Avalerem Tables'!EJ217)/25 -> 14.635038 | J26: 2 | K26: =$L$5*C26 -> 30.860605 | L26: =$L$5*D26 -> 29.536451 | M26: =$L$5*E26 -> 30.699827 | N26: =$L$5*F26 -> 29.637994 | O26: =$L$5*G26 -> 29.270077 | R26: 2 | S26: =$T$5*C26 -> 23.145454 | T26: =$T$5*D26 -> 22.152338 | U26: =$T$5*E26 -> 23.024871 | V26: =$T$5*F26 -> 22.228496 | W26: =$T$5*G26 -> 21.952558 | Z26: 2 | AA26: =$AB$5*C26 -> 18.516363 | AB26: =$AB$5*D26 -> 17.72187 | AC26: =$AB$5*E26 -> 18.419896 | AD26: =$AB$5*F26 -> 17.782797 | AE26: =$AB$5*G26 -> 17.562046 | AH26: 2 | AI26: =$AJ$5*C26 -> 15.430302 | AJ26: =$AJ$5*D26 -> 14.768225 | AK26: =$AJ$5*E26 -> 15.349914 | AL26: =$AJ$5*F26 -> 14.818997 | AM26: =$AJ$5*G26 -> 14.635038
B27: 3 | C27: =('Detailed Avalerem Tables'!X25+'Detailed Avalerem Tables'!X74+'Detailed Avalerem Tables'!X122+'Detailed Avalerem Tables'!X170+'Detailed Avalerem Tables'!X218+'Detailed Avalerem Tables'!AZ25+'Detailed Avalerem Tables'!AZ74+'Detailed Avalerem Tables'!AZ122+'Detailed Avalerem Tables'!AZ170+'Detailed Avalerem Tables'!AZ218+'Detailed Avalerem Tables'!CB25+'Detailed Avalerem Tables'!CB74+'Detailed Avalerem Tables'!CB122+'Detailed Avalerem Tables'!CB170+'Detailed Avalerem Tables'!CB218+'Detailed Avalerem Tables'!DD25+'Detailed Avalerem Tables'!DD74+'Detailed Avalerem Tables'!DD122+'Detailed Avalerem Tables'!DD170+'Detailed Avalerem Tables'!DD218+'Detailed Avalerem Tables'!EF25+'Detailed Avalerem Tables'!EF74+'Detailed Avalerem Tables'!EF122+'Detailed Avalerem Tables'!EF170+'Detailed Avalerem Tables'!EF218)/25 -> 15.474168 | D27: =('Detailed Avalerem Tables'!Y25+'Detailed Avalerem Tables'!Y74+'Detailed Avalerem Tables'!Y122+'Detailed Avalerem Tables'!Y170+'Detailed Avalerem Tables'!Y218+'Detailed Avalerem Tables'!BA25+'Detailed Avalerem Tables'!BA74+'Detailed Avalerem Tables'!BA122+'Detailed Avalerem Tables'!BA170+'Detailed Avalerem Tables'!BA218+'Detailed Avalerem Tables'!CC25+'Detailed Avalerem Tables'!CC74+'Detailed Avalerem Tables'!CC122+'Detailed Avalerem Tables'!CC170+'Detailed Avalerem Tables'!CC218+'Detailed Avalerem Tables'!DE25+'Detailed Avalerem Tables'!DE74+'Detailed Avalerem Tables'!DE122+'Detailed Avalerem Tables'!DE170+'Detailed Avalerem Tables'!DE218+'Detailed Avalerem Tables'!EG25+'Detailed Avalerem Tables'!EG74+'Detailed Avalerem Tables'!EG122+'Detailed Avalerem Tables'!EG170+'Detailed Avalerem Tables'!EG218)/25 -> 15.550808 | E27: =('Detailed Avalerem Tables'!Z25+'Detailed Avalerem Tables'!Z74+'Detailed Avalerem Tables'!Z122+'Detailed Avalerem Tables'!Z170+'Detailed Avalerem Tables'!Z218+'Detailed Avalerem Tables'!BB25+'Detailed Avalerem Tables'!BB74+'Detailed Avalerem Tables'!BB122+'Detailed Avalerem Tables'!BB170+'Detailed Avalerem Tables'!BB218+'Detailed Avalerem Tables'!CD25+'Detailed Avalerem Tables'!CD74+'Detailed Avalerem Tables'!CD122+'Detailed Avalerem Tables'!CD170+'Detailed Avalerem Tables'!CD218+'Detailed Avalerem Tables'!DF25+'Detailed Avalerem Tables'!DF74+'Detailed Avalerem Tables'!DF122+'Detailed Avalerem Tables'!DF170+'Detailed Avalerem Tables'!DF218+'Detailed Avalerem Tables'!EH25+'Detailed Avalerem Tables'!EH74+'Detailed Avalerem Tables'!EH122+'Detailed Avalerem Tables'!EH170+'Detailed Avalerem Tables'!EH218)/25 -> 15.473964 | F27: =('Detailed Avalerem Tables'!AA25+'Detailed Avalerem Tables'!AA74+'Detailed Avalerem Tables'!AA122+'Detailed Avalerem Tables'!AA170+'Detailed Avalerem Tables'!AA218+'Detailed Avalerem Tables'!BC25+'Detailed Avalerem Tables'!BC74+'Detailed Avalerem Tables'!BC122+'Detailed Avalerem Tables'!BC170+'Detailed Avalerem Tables'!BC218+'Detailed Avalerem Tables'!CE25+'Detailed Avalerem Tables'!CE74+'Detailed Avalerem Tables'!CE122+'Detailed Avalerem Tables'!CE170+'Detailed Avalerem Tables'!CE218+'Detailed Avalerem Tables'!DG25+'Detailed Avalerem Tables'!DG74+'Detailed Avalerem Tables'!DG122+'Detailed Avalerem Tables'!DG170+'Detailed Avalerem Tables'!DG218+'Detailed Avalerem Tables'!EI25+'Detailed Avalerem Tables'!EI74+'Detailed Avalerem Tables'!EI122+'Detailed Avalerem Tables'!EI170+'Detailed Avalerem Tables'!EI218)/25 -> 15.176509 | G27: =('Detailed Avalerem Tables'!AB25+'Detailed Avalerem Tables'!AB74+'Detailed Avalerem Tables'!AB122+'Detailed Avalerem Tables'!AB170+'Detailed Avalerem Tables'!AB218+'Detailed Avalerem Tables'!BD25+'Detailed Avalerem Tables'!BD74+'Detailed Avalerem Tables'!BD122+'Detailed Avalerem Tables'!BD170+'Detailed Avalerem Tables'!BD218+'Detailed Avalerem Tables'!CF25+'Detailed Avalerem Tables'!CF74+'Detailed Avalerem Tables'!CF122+'Detailed Avalerem Tables'!CF170+'Detailed Avalerem Tables'!CF218+'Detailed Avalerem Tables'!DH25+'Detailed Avalerem Tables'!DH74+'Detailed Avalerem Tables'!DH122+'Detailed Avalerem Tables'!DH170+'Detailed Avalerem Tables'!DH218+'Detailed Avalerem Tables'!EJ25+'Detailed Avalerem Tables'!EJ74+'Detailed Avalerem Tables'!EJ122+'Detailed Avalerem Tables'!EJ170+'Detailed Avalerem Tables'!EJ218)/25 -> 14.739004 | J27: 3 | K27: =$L$5*C27 -> 30.948336 | L27: =$L$5*D27 -> 31.101617 | M27: =$L$5*E27 -> 30.947927 | N27: =$L$5*F27 -> 30.353018 | O27: =$L$5*G27 -> 29.478009 | R27: 3 | S27: =$T$5*C27 -> 23.211252 | T27: =$T$5*D27 -> 23.326213 | U27: =$T$5*E27 -> 23.210946 | V27: =$T$5*F27 -> 22.764764 | W27: =$T$5*G27 -> 22.108506 | Z27: 3 | AA27: =$AB$5*C27 -> 18.569001 | AB27: =$AB$5*D27 -> 18.66097 | AC27: =$AB$5*E27 -> 18.568756 | AD27: =$AB$5*F27 -> 18.211811 | AE27: =$AB$5*G27 -> 17.686805 | AH27: 3 | AI27: =$AJ$5*C27 -> 15.474168 | AJ27: =$AJ$5*D27 -> 15.550808 | AK27: =$AJ$5*E27 -> 15.473964 | AL27: =$AJ$5*F27 -> 15.176509 | AM27: =$AJ$5*G27 -> 14.739004
B28: 4 | C28: =('Detailed Avalerem Tables'!X26+'Detailed Avalerem Tables'!X75+'Detailed Avalerem Tables'!X123+'Detailed Avalerem Tables'!X171+'Detailed Avalerem Tables'!X219+'Detailed Avalerem Tables'!AZ26+'Detailed Avalerem Tables'!AZ75+'Detailed Avalerem Tables'!AZ123+'Detailed Avalerem Tables'!AZ171+'Detailed Avalerem Tables'!AZ219+'Detailed Avalerem Tables'!CB26+'Detailed Avalerem Tables'!CB75+'Detailed Avalerem Tables'!CB123+'Detailed Avalerem Tables'!CB171+'Detailed Avalerem Tables'!CB219+'Detailed Avalerem Tables'!DD26+'Detailed Avalerem Tables'!DD75+'Detailed Avalerem Tables'!DD123+'Detailed Avalerem Tables'!DD171+'Detailed Avalerem Tables'!DD219+'Detailed Avalerem Tables'!EF26+'Detailed Avalerem Tables'!EF75+'Detailed Avalerem Tables'!EF123+'Detailed Avalerem Tables'!EF171+'Detailed Avalerem Tables'!EF219)/25 -> 16.710066 | D28: =('Detailed Avalerem Tables'!Y26+'Detailed Avalerem Tables'!Y75+'Detailed Avalerem Tables'!Y123+'Detailed Avalerem Tables'!Y171+'Detailed Avalerem Tables'!Y219+'Detailed Avalerem Tables'!BA26+'Detailed Avalerem Tables'!BA75+'Detailed Avalerem Tables'!BA123+'Detailed Avalerem Tables'!BA171+'Detailed Avalerem Tables'!BA219+'Detailed Avalerem Tables'!CC26+'Detailed Avalerem Tables'!CC75+'Detailed Avalerem Tables'!CC123+'Detailed Avalerem Tables'!CC171+'Detailed Avalerem Tables'!CC219+'Detailed Avalerem Tables'!DE26+'Detailed Avalerem Tables'!DE75+'Detailed Avalerem Tables'!DE123+'Detailed Avalerem Tables'!DE171+'Detailed Avalerem Tables'!DE219+'Detailed Avalerem Tables'!EG26+'Detailed Avalerem Tables'!EG75+'Detailed Avalerem Tables'!EG123+'Detailed Avalerem Tables'!EG171+'Detailed Avalerem Tables'!EG219)/25 -> 15.839904 | E28: =('Detailed Avalerem Tables'!Z26+'Detailed Avalerem Tables'!Z75+'Detailed Avalerem Tables'!Z123+'Detailed Avalerem Tables'!Z171+'Detailed Avalerem Tables'!Z219+'Detailed Avalerem Tables'!BB26+'Detailed Avalerem Tables'!BB75+'Detailed Avalerem Tables'!BB123+'Detailed Avalerem Tables'!BB171+'Detailed Avalerem Tables'!BB219+'Detailed Avalerem Tables'!CD26+'Detailed Avalerem Tables'!CD75+'Detailed Avalerem Tables'!CD123+'Detailed Avalerem Tables'!CD171+'Detailed Avalerem Tables'!CD219+'Detailed Avalerem Tables'!DF26+'Detailed Avalerem Tables'!DF75+'Detailed Avalerem Tables'!DF123+'Detailed Avalerem Tables'!DF171+'Detailed Avalerem Tables'!DF219+'Detailed Avalerem Tables'!EH26+'Detailed Avalerem Tables'!EH75+'Detailed Avalerem Tables'!EH123+'Detailed Avalerem Tables'!EH171+'Detailed Avalerem Tables'!EH219)/25 -> 15.91818 | F28: =('Detailed Avalerem Tables'!AA26+'Detailed Avalerem Tables'!AA75+'Detailed Avalerem Tables'!AA123+'Detailed Avalerem Tables'!AA171+'Detailed Avalerem Tables'!AA219+'Detailed Avalerem Tables'!BC26+'Detailed Avalerem Tables'!BC75+'Detailed Avalerem Tables'!BC123+'Detailed Avalerem Tables'!BC171+'Detailed Avalerem Tables'!BC219+'Detailed Avalerem Tables'!CE26+'Detailed Avalerem Tables'!CE75+'Detailed Avalerem Tables'!CE123+'Detailed Avalerem Tables'!CE171+'Detailed Avalerem Tables'!CE219+'Detailed Avalerem Tables'!DG26+'Detailed Avalerem Tables'!DG75+'Detailed Avalerem Tables'!DG123+'Detailed Avalerem Tables'!DG171+'Detailed Avalerem Tables'!DG219+'Detailed Avalerem Tables'!EI26+'Detailed Avalerem Tables'!EI75+'Detailed Avalerem Tables'!EI123+'Detailed Avalerem Tables'!EI171+'Detailed Avalerem Tables'!EI219)/25 -> 15.272685 | G28: =('Detailed Avalerem Tables'!AB26+'Detailed Avalerem Tables'!AB75+'Detailed Avalerem Tables'!AB123+'Detailed Avalerem Tables'!AB171+'Detailed Avalerem Tables'!AB219+'Detailed Avalerem Tables'!BD26+'Detailed Avalerem Tables'!BD75+'Detailed Avalerem Tables'!BD123+'Detailed Avalerem Tables'!BD171+'Detailed Avalerem Tables'!BD219+'Detailed Avalerem Tables'!CF26+'Detailed Avalerem Tables'!CF75+'Detailed Avalerem Tables'!CF123+'Detailed Avalerem Tables'!CF171+'Detailed Avalerem Tables'!CF219+'Detailed Avalerem Tables'!DH26+'Detailed Avalerem Tables'!DH75+'Detailed Avalerem Tables'!DH123+'Detailed Avalerem Tables'!DH171+'Detailed Avalerem Tables'!DH219+'Detailed Avalerem Tables'!EJ26+'Detailed Avalerem Tables'!EJ75+'Detailed Avalerem Tables'!EJ123+'Detailed Avalerem Tables'!EJ171+'Detailed Avalerem Tables'!EJ219)/25 -> 15.41248 | J28: 4 | K28: =$L$5*C28 -> 33.420133 | L28: =$L$5*D28 -> 31.679807 | M28: =$L$5*E28 -> 31.836359 | N28: =$L$5*F28 -> 30.545369 | O28: =$L$5*G28 -> 30.82496 | R28: 4 | S28: =$T$5*C28 -> 25.0651 | T28: =$T$5*D28 -> 23.759856 | U28: =$T$5*E28 -> 23.877269 | V28: =$T$5*F28 -> 22.909027 | W28: =$T$5*G28 -> 23.11872 | Z28: 4 | AA28: =$AB$5*C28 -> 20.05208 | AB28: =$AB$5*D28 -> 19.007884 | AC28: =$AB$5*E28 -> 19.101815 | AD28: =$AB$5*F28 -> 18.327222 | AE28: =$AB$5*G28 -> 18.494976 | AH28: 4 | AI28: =$AJ$5*C28 -> 16.710066 | AJ28: =$AJ$5*D28 -> 15.839904 | AK28: =$AJ$5*E28 -> 15.91818 | AL28: =$AJ$5*F28 -> 15.272685 | AM28: =$AJ$5*G28 -> 15.41248
B29: 5 | C29: =('Detailed Avalerem Tables'!X27+'Detailed Avalerem Tables'!X76+'Detailed Avalerem Tables'!X124+'Detailed Avalerem Tables'!X172+'Detailed Avalerem Tables'!X220+'Detailed Avalerem Tables'!AZ27+'Detailed Avalerem Tables'!AZ76+'Detailed Avalerem Tables'!AZ124+'Detailed Avalerem Tables'!AZ172+'Detailed Avalerem Tables'!AZ220+'Detailed Avalerem Tables'!CB27+'Detailed Avalerem Tables'!CB76+'Detailed Avalerem Tables'!CB124+'Detailed Avalerem Tables'!CB172+'Detailed Avalerem Tables'!CB220+'Detailed Avalerem Tables'!DD27+'Detailed Avalerem Tables'!DD76+'Detailed Avalerem Tables'!DD124+'Detailed Avalerem Tables'!DD172+'Detailed Avalerem Tables'!DD220+'Detailed Avalerem Tables'!EF27+'Detailed Avalerem Tables'!EF76+'Detailed Avalerem Tables'!EF124+'Detailed Avalerem Tables'!EF172+'Detailed Avalerem Tables'!EF220)/25 -> 13.748067 | D29: =('Detailed Avalerem Tables'!Y27+'Detailed Avalerem Tables'!Y76+'Detailed Avalerem Tables'!Y124+'Detailed Avalerem Tables'!Y172+'Detailed Avalerem Tables'!Y220+'Detailed Avalerem Tables'!BA27+'Detailed Avalerem Tables'!BA76+'Detailed Avalerem Tables'!BA124+'Detailed Avalerem Tables'!BA172+'Detailed Avalerem Tables'!BA220+'Detailed Avalerem Tables'!CC27+'Detailed Avalerem Tables'!CC76+'Detailed Avalerem Tables'!CC124+'Detailed Avalerem Tables'!CC172+'Detailed Avalerem Tables'!CC220+'Detailed Avalerem Tables'!DE27+'Detailed Avalerem Tables'!DE76+'Detailed Avalerem Tables'!DE124+'Detailed Avalerem Tables'!DE172+'Detailed Avalerem Tables'!DE220+'Detailed Avalerem Tables'!EG27+'Detailed Avalerem Tables'!EG76+'Detailed Avalerem Tables'!EG124+'Detailed Avalerem Tables'!EG172+'Detailed Avalerem Tables'!EG220)/25 -> 13.435199 | E29: =('Detailed Avalerem Tables'!Z27+'Detailed Avalerem Tables'!Z76+'Detailed Avalerem Tables'!Z124+'Detailed Avalerem Tables'!Z172+'Detailed Avalerem Tables'!Z220+'Detailed Avalerem Tables'!BB27+'Detailed Avalerem Tables'!BB76+'Detailed Avalerem Tables'!BB124+'Detailed Avalerem Tables'!BB172+'Detailed Avalerem Tables'!BB220+'Detailed Avalerem Tables'!CD27+'Detailed Avalerem Tables'!CD76+'Detailed Avalerem Tables'!CD124+'Detailed Avalerem Tables'!CD172+'Detailed Avalerem Tables'!CD220+'Detailed Avalerem Tables'!DF27+'Detailed Avalerem Tables'!DF76+'Detailed Avalerem Tables'!DF124+'Detailed Avalerem Tables'!DF172+'Detailed Avalerem Tables'!DF220+'Detailed Avalerem Tables'!EH27+'Detailed Avalerem Tables'!EH76+'Detailed Avalerem Tables'!EH124+'Detailed Avalerem Tables'!EH172+'Detailed Avalerem Tables'!EH220)/25 -> 13.056013 | F29: =('Detailed Avalerem Tables'!AA27+'Detailed Avalerem Tables'!AA76+'Detailed Avalerem Tables'!AA124+'Detailed Avalerem Tables'!AA172+'Detailed Avalerem Tables'!AA220+'Detailed Avalerem Tables'!BC27+'Detailed Avalerem Tables'!BC76+'Detailed Avalerem Tables'!BC124+'Detailed Avalerem Tables'!BC172+'Detailed Avalerem Tables'!BC220+'Detailed Avalerem Tables'!CE27+'Detailed Avalerem Tables'!CE76+'Detailed Avalerem Tables'!CE124+'Detailed Avalerem Tables'!CE172+'Detailed Avalerem Tables'!CE220+'Detailed Avalerem Tables'!DG27+'Detailed Avalerem Tables'!DG76+'Detailed Avalerem Tables'!DG124+'Detailed Avalerem Tables'!DG172+'Detailed Avalerem Tables'!DG220+'Detailed Avalerem Tables'!EI27+'Detailed Avalerem Tables'!EI76+'Detailed Avalerem Tables'!EI124+'Detailed Avalerem Tables'!EI172+'Detailed Avalerem Tables'!EI220)/25 -> 13.082366 | G29: =('Detailed Avalerem Tables'!AB27+'Detailed Avalerem Tables'!AB76+'Detailed Avalerem Tables'!AB124+'Detailed Avalerem Tables'!AB172+'Detailed Avalerem Tables'!AB220+'Detailed Avalerem Tables'!BD27+'Detailed Avalerem Tables'!BD76+'Detailed Avalerem Tables'!BD124+'Detailed Avalerem Tables'!BD172+'Detailed Avalerem Tables'!BD220+'Detailed Avalerem Tables'!CF27+'Detailed Avalerem Tables'!CF76+'Detailed Avalerem Tables'!CF124+'Detailed Avalerem Tables'!CF172+'Detailed Avalerem Tables'!CF220+'Detailed Avalerem Tables'!DH27+'Detailed Avalerem Tables'!DH76+'Detailed Avalerem Tables'!DH124+'Detailed Avalerem Tables'!DH172+'Detailed Avalerem Tables'!DH220+'Detailed Avalerem Tables'!EJ27+'Detailed Avalerem Tables'!EJ76+'Detailed Avalerem Tables'!EJ124+'Detailed Avalerem Tables'!EJ172+'Detailed Avalerem Tables'!EJ220)/25 -> 12.845209 | J29: 5 | K29: =$L$5*C29 -> 27.496133 | L29: =$L$5*D29 -> 26.870398 | M29: =$L$5*E29 -> 26.112026 | N29: =$L$5*F29 -> 26.164732 | O29: =$L$5*G29 -> 25.690418 | R29: 5 | S29: =$T$5*C29 -> 20.6221 | T29: =$T$5*D29 -> 20.152798 | U29: =$T$5*E29 -> 19.58402 | V29: =$T$5*F29 -> 19.623549 | W29: =$T$5*G29 -> 19.267813 | Z29: 5 | AA29: =$AB$5*C29 -> 16.49768 | AB29: =$AB$5*D29 -> 16.122239 | AC29: =$AB$5*E29 -> 15.667216 | AD29: =$AB$5*F29 -> 15.698839 | AE29: =$AB$5*G29 -> 15.414251 | AH29: 5 | AI29: =$AJ$5*C29 -> 13.748067 | AJ29: =$AJ$5*D29 -> 13.435199 | AK29: =$AJ$5*E29 -> 13.056013 | AL29: =$AJ$5*F29 -> 13.082366 | AM29: =$AJ$5*G29 -> 12.845209
B30: 6 | C30: =('Detailed Avalerem Tables'!X28+'Detailed Avalerem Tables'!X77+'Detailed Avalerem Tables'!X125+'Detailed Avalerem Tables'!X173+'Detailed Avalerem Tables'!X221+'Detailed Avalerem Tables'!AZ28+'Detailed Avalerem Tables'!AZ77+'Detailed Avalerem Tables'!AZ125+'Detailed Avalerem Tables'!AZ173+'Detailed Avalerem Tables'!AZ221+'Detailed Avalerem Tables'!CB28+'Detailed Avalerem Tables'!CB77+'Detailed Avalerem Tables'!CB125+'Detailed Avalerem Tables'!CB173+'Detailed Avalerem Tables'!CB221+'Detailed Avalerem Tables'!DD28+'Detailed Avalerem Tables'!DD77+'Detailed Avalerem Tables'!DD125+'Detailed Avalerem Tables'!DD173+'Detailed Avalerem Tables'!DD221+'Detailed Avalerem Tables'!EF28+'Detailed Avalerem Tables'!EF77+'Detailed Avalerem Tables'!EF125+'Detailed Avalerem Tables'!EF173+'Detailed Avalerem Tables'!EF221)/25 -> 13.704201 | D30: =('Detailed Avalerem Tables'!Y28+'Detailed Avalerem Tables'!Y77+'Detailed Avalerem Tables'!Y125+'Detailed Avalerem Tables'!Y173+'Detailed Avalerem Tables'!Y221+'Detailed Avalerem Tables'!BA28+'Detailed Avalerem Tables'!BA77+'Detailed Avalerem Tables'!BA125+'Detailed Avalerem Tables'!BA173+'Detailed Avalerem Tables'!BA221+'Detailed Avalerem Tables'!CC28+'Detailed Avalerem Tables'!CC77+'Detailed Avalerem Tables'!CC125+'Detailed Avalerem Tables'!CC173+'Detailed Avalerem Tables'!CC221+'Detailed Avalerem Tables'!DE28+'Detailed Avalerem Tables'!DE77+'Detailed Avalerem Tables'!DE125+'Detailed Avalerem Tables'!DE173+'Detailed Avalerem Tables'!DE221+'Detailed Avalerem Tables'!EG28+'Detailed Avalerem Tables'!EG77+'Detailed Avalerem Tables'!EG125+'Detailed Avalerem Tables'!EG173+'Detailed Avalerem Tables'!EG221)/25 -> 12.652616 | E30: =('Detailed Avalerem Tables'!Z28+'Detailed Avalerem Tables'!Z77+'Detailed Avalerem Tables'!Z125+'Detailed Avalerem Tables'!Z173+'Detailed Avalerem Tables'!Z221+'Detailed Avalerem Tables'!BB28+'Detailed Avalerem Tables'!BB77+'Detailed Avalerem Tables'!BB125+'Detailed Avalerem Tables'!BB173+'Detailed Avalerem Tables'!BB221+'Detailed Avalerem Tables'!CD28+'Detailed Avalerem Tables'!CD77+'Detailed Avalerem Tables'!CD125+'Detailed Avalerem Tables'!CD173+'Detailed Avalerem Tables'!CD221+'Detailed Avalerem Tables'!DF28+'Detailed Avalerem Tables'!DF77+'Detailed Avalerem Tables'!DF125+'Detailed Avalerem Tables'!DF173+'Detailed Avalerem Tables'!DF221+'Detailed Avalerem Tables'!EH28+'Detailed Avalerem Tables'!EH77+'Detailed Avalerem Tables'!EH125+'Detailed Avalerem Tables'!EH173+'Detailed Avalerem Tables'!EH221)/25 -> 12.931963 | F30: =('Detailed Avalerem Tables'!AA28+'Detailed Avalerem Tables'!AA77+'Detailed Avalerem Tables'!AA125+'Detailed Avalerem Tables'!AA173+'Detailed Avalerem Tables'!AA221+'Detailed Avalerem Tables'!BC28+'Detailed Avalerem Tables'!BC77+'Detailed Avalerem Tables'!BC125+'Detailed Avalerem Tables'!BC173+'Detailed Avalerem Tables'!BC221+'Detailed Avalerem Tables'!CE28+'Detailed Avalerem Tables'!CE77+'Detailed Avalerem Tables'!CE125+'Detailed Avalerem Tables'!CE173+'Detailed Avalerem Tables'!CE221+'Detailed Avalerem Tables'!DG28+'Detailed Avalerem Tables'!DG77+'Detailed Avalerem Tables'!DG125+'Detailed Avalerem Tables'!DG173+'Detailed Avalerem Tables'!DG221+'Detailed Avalerem Tables'!EI28+'Detailed Avalerem Tables'!EI77+'Detailed Avalerem Tables'!EI125+'Detailed Avalerem Tables'!EI173+'Detailed Avalerem Tables'!EI221)/25 -> 12.724854 | G30: =('Detailed Avalerem Tables'!AB28+'Detailed Avalerem Tables'!AB77+'Detailed Avalerem Tables'!AB125+'Detailed Avalerem Tables'!AB173+'Detailed Avalerem Tables'!AB221+'Detailed Avalerem Tables'!BD28+'Detailed Avalerem Tables'!BD77+'Detailed Avalerem Tables'!BD125+'Detailed Avalerem Tables'!BD173+'Detailed Avalerem Tables'!BD221+'Detailed Avalerem Tables'!CF28+'Detailed Avalerem Tables'!CF77+'Detailed Avalerem Tables'!CF125+'Detailed Avalerem Tables'!CF173+'Detailed Avalerem Tables'!CF221+'Detailed Avalerem Tables'!DH28+'Detailed Avalerem Tables'!DH77+'Detailed Avalerem Tables'!DH125+'Detailed Avalerem Tables'!DH173+'Detailed Avalerem Tables'!DH221+'Detailed Avalerem Tables'!EJ28+'Detailed Avalerem Tables'!EJ77+'Detailed Avalerem Tables'!EJ125+'Detailed Avalerem Tables'!EJ173+'Detailed Avalerem Tables'!EJ221)/25 -> 12.741243 | J30: 6 | K30: =$L$5*C30 -> 27.408402 | L30: =$L$5*D30 -> 25.305232 | M30: =$L$5*E30 -> 25.863926 | N30: =$L$5*F30 -> 25.449708 | O30: =$L$5*G30 -> 25.482486 | R30: 6 | S30: =$T$5*C30 -> 20.556302 | T30: =$T$5*D30 -> 18.978924 | U30: =$T$5*E30 -> 19.397945 | V30: =$T$5*F30 -> 19.087281 | W30: =$T$5*G30 -> 19.111865 | Z30: 6 | AA30: =$AB$5*C30 -> 16.445041 | AB30: =$AB$5*D30 -> 15.183139 | AC30: =$AB$5*E30 -> 15.518356 | AD30: =$AB$5*F30 -> 15.269825 | AE30: =$AB$5*G30 -> 15.289492 | AH30: 6 | AI30: =$AJ$5*C30 -> 13.704201 | AJ30: =$AJ$5*D30 -> 12.652616 | AK30: =$AJ$5*E30 -> 12.931963 | AL30: =$AJ$5*F30 -> 12.724854 | AM30: =$AJ$5*G30 -> 12.741243
B31: 7 | C31: =('Detailed Avalerem Tables'!X29+'Detailed Avalerem Tables'!X78+'Detailed Avalerem Tables'!X126+'Detailed Avalerem Tables'!X174+'Detailed Avalerem Tables'!X222+'Detailed Avalerem Tables'!AZ29+'Detailed Avalerem Tables'!AZ78+'Detailed Avalerem Tables'!AZ126+'Detailed Avalerem Tables'!AZ174+'Detailed Avalerem Tables'!AZ222+'Detailed Avalerem Tables'!CB29+'Detailed Avalerem Tables'!CB78+'Detailed Avalerem Tables'!CB126+'Detailed Avalerem Tables'!CB174+'Detailed Avalerem Tables'!CB222+'Detailed Avalerem Tables'!DD29+'Detailed Avalerem Tables'!DD78+'Detailed Avalerem Tables'!DD126+'Detailed Avalerem Tables'!DD174+'Detailed Avalerem Tables'!DD222+'Detailed Avalerem Tables'!EF29+'Detailed Avalerem Tables'!EF78+'Detailed Avalerem Tables'!EF126+'Detailed Avalerem Tables'!EF174+'Detailed Avalerem Tables'!EF222)/25 -> 12.468303 | D31: =('Detailed Avalerem Tables'!Y29+'Detailed Avalerem Tables'!Y78+'Detailed Avalerem Tables'!Y126+'Detailed Avalerem Tables'!Y174+'Detailed Avalerem Tables'!Y222+'Detailed Avalerem Tables'!BA29+'Detailed Avalerem Tables'!BA78+'Detailed Avalerem Tables'!BA126+'Detailed Avalerem Tables'!BA174+'Detailed Avalerem Tables'!BA222+'Detailed Avalerem Tables'!CC29+'Detailed Avalerem Tables'!CC78+'Detailed Avalerem Tables'!CC126+'Detailed Avalerem Tables'!CC174+'Detailed Avalerem Tables'!CC222+'Detailed Avalerem Tables'!DE29+'Detailed Avalerem Tables'!DE78+'Detailed Avalerem Tables'!DE126+'Detailed Avalerem Tables'!DE174+'Detailed Avalerem Tables'!DE222+'Detailed Avalerem Tables'!EG29+'Detailed Avalerem Tables'!EG78+'Detailed Avalerem Tables'!EG126+'Detailed Avalerem Tables'!EG174+'Detailed Avalerem Tables'!EG222)/25 -> 12.36352 | E31: =('Detailed Avalerem Tables'!Z29+'Detailed Avalerem Tables'!Z78+'Detailed Avalerem Tables'!Z126+'Detailed Avalerem Tables'!Z174+'Detailed Avalerem Tables'!Z222+'Detailed Avalerem Tables'!BB29+'Detailed Avalerem Tables'!BB78+'Detailed Avalerem Tables'!BB126+'Detailed Avalerem Tables'!BB174+'Detailed Avalerem Tables'!BB222+'Detailed Avalerem Tables'!CD29+'Detailed Avalerem Tables'!CD78+'Detailed Avalerem Tables'!CD126+'Detailed Avalerem Tables'!CD174+'Detailed Avalerem Tables'!CD222+'Detailed Avalerem Tables'!DF29+'Detailed Avalerem Tables'!DF78+'Detailed Avalerem Tables'!DF126+'Detailed Avalerem Tables'!DF174+'Detailed Avalerem Tables'!DF222+'Detailed Avalerem Tables'!EH29+'Detailed Avalerem Tables'!EH78+'Detailed Avalerem Tables'!EH126+'Detailed Avalerem Tables'!EH174+'Detailed Avalerem Tables'!EH222)/25 -> 12.487747 | F31: =('Detailed Avalerem Tables'!AA29+'Detailed Avalerem Tables'!AA78+'Detailed Avalerem Tables'!AA126+'Detailed Avalerem Tables'!AA174+'Detailed Avalerem Tables'!AA222+'Detailed Avalerem Tables'!BC29+'Detailed Avalerem Tables'!BC78+'Detailed Avalerem Tables'!BC126+'Detailed Avalerem Tables'!BC174+'Detailed Avalerem Tables'!BC222+'Detailed Avalerem Tables'!CE29+'Detailed Avalerem Tables'!CE78+'Detailed Avalerem Tables'!CE126+'Detailed Avalerem Tables'!CE174+'Detailed Avalerem Tables'!CE222+'Detailed Avalerem Tables'!DG29+'Detailed Avalerem Tables'!DG78+'Detailed Avalerem Tables'!DG126+'Detailed Avalerem Tables'!DG174+'Detailed Avalerem Tables'!DG222+'Detailed Avalerem Tables'!EI29+'Detailed Avalerem Tables'!EI78+'Detailed Avalerem Tables'!EI126+'Detailed Avalerem Tables'!EI174+'Detailed Avalerem Tables'!EI222)/25 -> 12.628678 | G31: =('Detailed Avalerem Tables'!AB29+'Detailed Avalerem Tables'!AB78+'Detailed Avalerem Tables'!AB126+'Detailed Avalerem Tables'!AB174+'Detailed Avalerem Tables'!AB222+'Detailed Avalerem Tables'!BD29+'Detailed Avalerem Tables'!BD78+'Detailed Avalerem Tables'!BD126+'Detailed Avalerem Tables'!BD174+'Detailed Avalerem Tables'!BD222+'Detailed Avalerem Tables'!CF29+'Detailed Avalerem Tables'!CF78+'Detailed Avalerem Tables'!CF126+'Detailed Avalerem Tables'!CF174+'Detailed Avalerem Tables'!CF222+'Detailed Avalerem Tables'!DH29+'Detailed Avalerem Tables'!DH78+'Detailed Avalerem Tables'!DH126+'Detailed Avalerem Tables'!DH174+'Detailed Avalerem Tables'!DH222+'Detailed Avalerem Tables'!EJ29+'Detailed Avalerem Tables'!EJ78+'Detailed Avalerem Tables'!EJ126+'Detailed Avalerem Tables'!EJ174+'Detailed Avalerem Tables'!EJ222)/25 -> 12.067767 | J31: 7 | K31: =$L$5*C31 -> 24.936605 | L31: =$L$5*D31 -> 24.727041 | M31: =$L$5*E31 -> 24.975495 | N31: =$L$5*F31 -> 25.257357 | O31: =$L$5*G31 -> 24.135535 | R31: 7 | S31: =$T$5*C31 -> 18.702454 | T31: =$T$5*D31 -> 18.545281 | U31: =$T$5*E31 -> 18.731621 | V31: =$T$5*F31 -> 18.943018 | W31: =$T$5*G31 -> 18.101651 | Z31: 7 | AA31: =$AB$5*C31 -> 14.961963 | AB31: =$AB$5*D31 -> 14.836225 | AC31: =$AB$5*E31 -> 14.985297 | AD31: =$AB$5*F31 -> 15.154414 | AE31: =$AB$5*G31 -> 14.481321 | AH31: 7 | AI31: =$AJ$5*C31 -> 12.468303 | AJ31: =$AJ$5*D31 -> 12.36352 | AK31: =$AJ$5*E31 -> 12.487747 | AL31: =$AJ$5*F31 -> 12.628678 | AM31: =$AJ$5*G31 -> 12.067767
B32: 8 | C32: =('Detailed Avalerem Tables'!X30+'Detailed Avalerem Tables'!X79+'Detailed Avalerem Tables'!X127+'Detailed Avalerem Tables'!X175+'Detailed Avalerem Tables'!X223+'Detailed Avalerem Tables'!AZ30+'Detailed Avalerem Tables'!AZ79+'Detailed Avalerem Tables'!AZ127+'Detailed Avalerem Tables'!AZ175+'Detailed Avalerem Tables'!AZ223+'Detailed Avalerem Tables'!CB30+'Detailed Avalerem Tables'!CB79+'Detailed Avalerem Tables'!CB127+'Detailed Avalerem Tables'!CB175+'Detailed Avalerem Tables'!CB223+'Detailed Avalerem Tables'!DD30+'Detailed Avalerem Tables'!DD79+'Detailed Avalerem Tables'!DD127+'Detailed Avalerem Tables'!DD175+'Detailed Avalerem Tables'!DD223+'Detailed Avalerem Tables'!EF30+'Detailed Avalerem Tables'!EF79+'Detailed Avalerem Tables'!EF127+'Detailed Avalerem Tables'!EF175+'Detailed Avalerem Tables'!EF223)/25 -> 15.430302 | D32: =('Detailed Avalerem Tables'!Y30+'Detailed Avalerem Tables'!Y79+'Detailed Avalerem Tables'!Y127+'Detailed Avalerem Tables'!Y175+'Detailed Avalerem Tables'!Y223+'Detailed Avalerem Tables'!BA30+'Detailed Avalerem Tables'!BA79+'Detailed Avalerem Tables'!BA127+'Detailed Avalerem Tables'!BA175+'Detailed Avalerem Tables'!BA223+'Detailed Avalerem Tables'!CC30+'Detailed Avalerem Tables'!CC79+'Detailed Avalerem Tables'!CC127+'Detailed Avalerem Tables'!CC175+'Detailed Avalerem Tables'!CC223+'Detailed Avalerem Tables'!DE30+'Detailed Avalerem Tables'!DE79+'Detailed Avalerem Tables'!DE127+'Detailed Avalerem Tables'!DE175+'Detailed Avalerem Tables'!DE223+'Detailed Avalerem Tables'!EG30+'Detailed Avalerem Tables'!EG79+'Detailed Avalerem Tables'!EG127+'Detailed Avalerem Tables'!EG175+'Detailed Avalerem Tables'!EG223)/25 -> 14.768225 | E32: =('Detailed Avalerem Tables'!Z30+'Detailed Avalerem Tables'!Z79+'Detailed Avalerem Tables'!Z127+'Detailed Avalerem Tables'!Z175+'Detailed Avalerem Tables'!Z223+'Detailed Avalerem Tables'!BB30+'Detailed Avalerem Tables'!BB79+'Detailed Avalerem Tables'!BB127+'Detailed Avalerem Tables'!BB175+'Detailed Avalerem Tables'!BB223+'Detailed Avalerem Tables'!CD30+'Detailed Avalerem Tables'!CD79+'Detailed Avalerem Tables'!CD127+'Detailed Avalerem Tables'!CD175+'Detailed Avalerem Tables'!CD223+'Detailed Avalerem Tables'!DF30+'Detailed Avalerem Tables'!DF79+'Detailed Avalerem Tables'!DF127+'Detailed Avalerem Tables'!DF175+'Detailed Avalerem Tables'!DF223+'Detailed Avalerem Tables'!EH30+'Detailed Avalerem Tables'!EH79+'Detailed Avalerem Tables'!EH127+'Detailed Avalerem Tables'!EH175+'Detailed Avalerem Tables'!EH223)/25 -> 15.349914 | F32: =('Detailed Avalerem Tables'!AA30+'Detailed Avalerem Tables'!AA79+'Detailed Avalerem Tables'!AA127+'Detailed Avalerem Tables'!AA175+'Detailed Avalerem Tables'!AA223+'Detailed Avalerem Tables'!BC30+'Detailed Avalerem Tables'!BC79+'Detailed Avalerem Tables'!BC127+'Detailed Avalerem Tables'!BC175+'Detailed Avalerem Tables'!BC223+'Detailed Avalerem Tables'!CE30+'Detailed Avalerem Tables'!CE79+'Detailed Avalerem Tables'!CE127+'Detailed Avalerem Tables'!CE175+'Detailed Avalerem Tables'!CE223+'Detailed Avalerem Tables'!DG30+'Detailed Avalerem Tables'!DG79+'Detailed Avalerem Tables'!DG127+'Detailed Avalerem Tables'!DG175+'Detailed Avalerem Tables'!DG223+'Detailed Avalerem Tables'!EI30+'Detailed Avalerem Tables'!EI79+'Detailed Avalerem Tables'!EI127+'Detailed Avalerem Tables'!EI175+'Detailed Avalerem Tables'!EI223)/25 -> 14.818997 | G32: =('Detailed Avalerem Tables'!AB30+'Detailed Avalerem Tables'!AB79+'Detailed Avalerem Tables'!AB127+'Detailed Avalerem Tables'!AB175+'Detailed Avalerem Tables'!AB223+'Detailed Avalerem Tables'!BD30+'Detailed Avalerem Tables'!BD79+'Detailed Avalerem Tables'!BD127+'Detailed Avalerem Tables'!BD175+'Detailed Avalerem Tables'!BD223+'Detailed Avalerem Tables'!CF30+'Detailed Avalerem Tables'!CF79+'Detailed Avalerem Tables'!CF127+'Detailed Avalerem Tables'!CF175+'Detailed Avalerem Tables'!CF223+'Detailed Avalerem Tables'!DH30+'Detailed Avalerem Tables'!DH79+'Detailed Avalerem Tables'!DH127+'Detailed Avalerem Tables'!DH175+'Detailed Avalerem Tables'!DH223+'Detailed Avalerem Tables'!EJ30+'Detailed Avalerem Tables'!EJ79+'Detailed Avalerem Tables'!EJ127+'Detailed Avalerem Tables'!EJ175+'Detailed Avalerem Tables'!EJ223)/25 -> 14.635038 | J32: 8 | K32: =$L$5*C32 -> 30.860605 | L32: =$L$5*D32 -> 29.536451 | M32: =$L$5*E32 -> 30.699827 | N32: =$L$5*F32 -> 29.637994 | O32: =$L$5*G32 -> 29.270077 | R32: 8 | S32: =$T$5*C32 -> 23.145454 | T32: =$T$5*D32 -> 22.152338 | U32: =$T$5*E32 -> 23.024871 | V32: =$T$5*F32 -> 22.228496 | W32: =$T$5*G32 -> 21.952558 | Z32: 8 | AA32: =$AB$5*C32 -> 18.516363 | AB32: =$AB$5*D32 -> 17.72187 | AC32: =$AB$5*E32 -> 18.419896 | AD32: =$AB$5*F32 -> 17.782797 | AE32: =$AB$5*G32 -> 17.562046 | AH32: 8 | AI32: =$AJ$5*C32 -> 15.430302 | AJ32: =$AJ$5*D32 -> 14.768225 | AK32: =$AJ$5*E32 -> 15.349914 | AL32: =$AJ$5*F32 -> 14.818997 | AM32: =$AJ$5*G32 -> 14.635038
B33: 9 | C33: =('Detailed Avalerem Tables'!X31+'Detailed Avalerem Tables'!X80+'Detailed Avalerem Tables'!X128+'Detailed Avalerem Tables'!X176+'Detailed Avalerem Tables'!X224+'Detailed Avalerem Tables'!AZ31+'Detailed Avalerem Tables'!AZ80+'Detailed Avalerem Tables'!AZ128+'Detailed Avalerem Tables'!AZ176+'Detailed Avalerem Tables'!AZ224+'Detailed Avalerem Tables'!CB31+'Detailed Avalerem Tables'!CB80+'Detailed Avalerem Tables'!CB128+'Detailed Avalerem Tables'!CB176+'Detailed Avalerem Tables'!CB224+'Detailed Avalerem Tables'!DD31+'Detailed Avalerem Tables'!DD80+'Detailed Avalerem Tables'!DD128+'Detailed Avalerem Tables'!DD176+'Detailed Avalerem Tables'!DD224+'Detailed Avalerem Tables'!EF31+'Detailed Avalerem Tables'!EF80+'Detailed Avalerem Tables'!EF128+'Detailed Avalerem Tables'!EF176+'Detailed Avalerem Tables'!EF224)/25 -> 15.474168 | D33: =('Detailed Avalerem Tables'!Y31+'Detailed Avalerem Tables'!Y80+'Detailed Avalerem Tables'!Y128+'Detailed Avalerem Tables'!Y176+'Detailed Avalerem Tables'!Y224+'Detailed Avalerem Tables'!BA31+'Detailed Avalerem Tables'!BA80+'Detailed Avalerem Tables'!BA128+'Detailed Avalerem Tables'!BA176+'Detailed Avalerem Tables'!BA224+'Detailed Avalerem Tables'!CC31+'Detailed Avalerem Tables'!CC80+'Detailed Avalerem Tables'!CC128+'Detailed Avalerem Tables'!CC176+'Detailed Avalerem Tables'!CC224+'Detailed Avalerem Tables'!DE31+'Detailed Avalerem Tables'!DE80+'Detailed Avalerem Tables'!DE128+'Detailed Avalerem Tables'!DE176+'Detailed Avalerem Tables'!DE224+'Detailed Avalerem Tables'!EG31+'Detailed Avalerem Tables'!EG80+'Detailed Avalerem Tables'!EG128+'Detailed Avalerem Tables'!EG176+'Detailed Avalerem Tables'!EG224)/25 -> 15.550808 | E33: =('Detailed Avalerem Tables'!Z31+'Detailed Avalerem Tables'!Z80+'Detailed Avalerem Tables'!Z128+'Detailed Avalerem Tables'!Z176+'Detailed Avalerem Tables'!Z224+'Detailed Avalerem Tables'!BB31+'Detailed Avalerem Tables'!BB80+'Detailed Avalerem Tables'!BB128+'Detailed Avalerem Tables'!BB176+'Detailed Avalerem Tables'!BB224+'Detailed Avalerem Tables'!CD31+'Detailed Avalerem Tables'!CD80+'Detailed Avalerem Tables'!CD128+'Detailed Avalerem Tables'!CD176+'Detailed Avalerem Tables'!CD224+'Detailed Avalerem Tables'!DF31+'Detailed Avalerem Tables'!DF80+'Detailed Avalerem Tables'!DF128+'Detailed Avalerem Tables'!DF176+'Detailed Avalerem Tables'!DF224+'Detailed Avalerem Tables'!EH31+'Detailed Avalerem Tables'!EH80+'Detailed Avalerem Tables'!EH128+'Detailed Avalerem Tables'!EH176+'Detailed Avalerem Tables'!EH224)/25 -> 15.473964 | F33: =('Detailed Avalerem Tables'!AA31+'Detailed Avalerem Tables'!AA80+'Detailed Avalerem Tables'!AA128+'Detailed Avalerem Tables'!AA176+'Detailed Avalerem Tables'!AA224+'Detailed Avalerem Tables'!BC31+'Detailed Avalerem Tables'!BC80+'Detailed Avalerem Tables'!BC128+'Detailed Avalerem Tables'!BC176+'Detailed Avalerem Tables'!BC224+'Detailed Avalerem Tables'!CE31+'Detailed Avalerem Tables'!CE80+'Detailed Avalerem Tables'!CE128+'Detailed Avalerem Tables'!CE176+'Detailed Avalerem Tables'!CE224+'Detailed Avalerem Tables'!DG31+'Detailed Avalerem Tables'!DG80+'Detailed Avalerem Tables'!DG128+'Detailed Avalerem Tables'!DG176+'Detailed Avalerem Tables'!DG224+'Detailed Avalerem Tables'!EI31+'Detailed Avalerem Tables'!EI80+'Detailed Avalerem Tables'!EI128+'Detailed Avalerem Tables'!EI176+'Detailed Avalerem Tables'!EI224)/25 -> 15.176509 | G33: =('Detailed Avalerem Tables'!AB31+'Detailed Avalerem Tables'!AB80+'Detailed Avalerem Tables'!AB128+'Detailed Avalerem Tables'!AB176+'Detailed Avalerem Tables'!AB224+'Detailed Avalerem Tables'!BD31+'Detailed Avalerem Tables'!BD80+'Detailed Avalerem Tables'!BD128+'Detailed Avalerem Tables'!BD176+'Detailed Avalerem Tables'!BD224+'Detailed Avalerem Tables'!CF31+'Detailed Avalerem Tables'!CF80+'Detailed Avalerem Tables'!CF128+'Detailed Avalerem Tables'!CF176+'Detailed Avalerem Tables'!CF224+'Detailed Avalerem Tables'!DH31+'Detailed Avalerem Tables'!DH80+'Detailed Avalerem Tables'!DH128+'Detailed Avalerem Tables'!DH176+'Detailed Avalerem Tables'!DH224+'Detailed Avalerem Tables'!EJ31+'Detailed Avalerem Tables'!EJ80+'Detailed Avalerem Tables'!EJ128+'Detailed Avalerem Tables'!EJ176+'Detailed Avalerem Tables'!EJ224)/25 -> 14.739004 | J33: 9 | K33: =$L$5*C33 -> 30.948336 | L33: =$L$5*D33 -> 31.101617 | M33: =$L$5*E33 -> 30.947927 | N33: =$L$5*F33 -> 30.353018 | O33: =$L$5*G33 -> 29.478009 | R33: 9 | S33: =$T$5*C33 -> 23.211252 | T33: =$T$5*D33 -> 23.326213 | U33: =$T$5*E33 -> 23.210946 | V33: =$T$5*F33 -> 22.764764 | W33: =$T$5*G33 -> 22.108506 | Z33: 9 | AA33: =$AB$5*C33 -> 18.569001 | AB33: =$AB$5*D33 -> 18.66097 | AC33: =$AB$5*E33 -> 18.568756 | AD33: =$AB$5*F33 -> 18.211811 | AE33: =$AB$5*G33 -> 17.686805 | AH33: 9 | AI33: =$AJ$5*C33 -> 15.474168 | AJ33: =$AJ$5*D33 -> 15.550808 | AK33: =$AJ$5*E33 -> 15.473964 | AL33: =$AJ$5*F33 -> 15.176509 | AM33: =$AJ$5*G33 -> 14.739004
B34: 10 | C34: =('Detailed Avalerem Tables'!X32+'Detailed Avalerem Tables'!X81+'Detailed Avalerem Tables'!X129+'Detailed Avalerem Tables'!X177+'Detailed Avalerem Tables'!X225+'Detailed Avalerem Tables'!AZ32+'Detailed Avalerem Tables'!AZ81+'Detailed Avalerem Tables'!AZ129+'Detailed Avalerem Tables'!AZ177+'Detailed Avalerem Tables'!AZ225+'Detailed Avalerem Tables'!CB32+'Detailed Avalerem Tables'!CB81+'Detailed Avalerem Tables'!CB129+'Detailed Avalerem Tables'!CB177+'Detailed Avalerem Tables'!CB225+'Detailed Avalerem Tables'!DD32+'Detailed Avalerem Tables'!DD81+'Detailed Avalerem Tables'!DD129+'Detailed Avalerem Tables'!DD177+'Detailed Avalerem Tables'!DD225+'Detailed Avalerem Tables'!EF32+'Detailed Avalerem Tables'!EF81+'Detailed Avalerem Tables'!EF129+'Detailed Avalerem Tables'!EF177+'Detailed Avalerem Tables'!EF225)/25 -> 16.710066 | D34: =('Detailed Avalerem Tables'!Y32+'Detailed Avalerem Tables'!Y81+'Detailed Avalerem Tables'!Y129+'Detailed Avalerem Tables'!Y177+'Detailed Avalerem Tables'!Y225+'Detailed Avalerem Tables'!BA32+'Detailed Avalerem Tables'!BA81+'Detailed Avalerem Tables'!BA129+'Detailed Avalerem Tables'!BA177+'Detailed Avalerem Tables'!BA225+'Detailed Avalerem Tables'!CC32+'Detailed Avalerem Tables'!CC81+'Detailed Avalerem Tables'!CC129+'Detailed Avalerem Tables'!CC177+'Detailed Avalerem Tables'!CC225+'Detailed Avalerem Tables'!DE32+'Detailed Avalerem Tables'!DE81+'Detailed Avalerem Tables'!DE129+'Detailed Avalerem Tables'!DE177+'Detailed Avalerem Tables'!DE225+'Detailed Avalerem Tables'!EG32+'Detailed Avalerem Tables'!EG81+'Detailed Avalerem Tables'!EG129+'Detailed Avalerem Tables'!EG177+'Detailed Avalerem Tables'!EG225)/25 -> 15.839904 | E34: =('Detailed Avalerem Tables'!Z32+'Detailed Avalerem Tables'!Z81+'Detailed Avalerem Tables'!Z129+'Detailed Avalerem Tables'!Z177+'Detailed Avalerem Tables'!Z225+'Detailed Avalerem Tables'!BB32+'Detailed Avalerem Tables'!BB81+'Detailed Avalerem Tables'!BB129+'Detailed Avalerem Tables'!BB177+'Detailed Avalerem Tables'!BB225+'Detailed Avalerem Tables'!CD32+'Detailed Avalerem Tables'!CD81+'Detailed Avalerem Tables'!CD129+'Detailed Avalerem Tables'!CD177+'Detailed Avalerem Tables'!CD225+'Detailed Avalerem Tables'!DF32+'Detailed Avalerem Tables'!DF81+'Detailed Avalerem Tables'!DF129+'Detailed Avalerem Tables'!DF177+'Detailed Avalerem Tables'!DF225+'Detailed Avalerem Tables'!EH32+'Detailed Avalerem Tables'!EH81+'Detailed Avalerem Tables'!EH129+'Detailed Avalerem Tables'!EH177+'Detailed Avalerem Tables'!EH225)/25 -> 15.91818 | F34: =('Detailed Avalerem Tables'!AA32+'Detailed Avalerem Tables'!AA81+'Detailed Avalerem Tables'!AA129+'Detailed Avalerem Tables'!AA177+'Detailed Avalerem Tables'!AA225+'Detailed Avalerem Tables'!BC32+'Detailed Avalerem Tables'!BC81+'Detailed Avalerem Tables'!BC129+'Detailed Avalerem Tables'!BC177+'Detailed Avalerem Tables'!BC225+'Detailed Avalerem Tables'!CE32+'Detailed Avalerem Tables'!CE81+'Detailed Avalerem Tables'!CE129+'Detailed Avalerem Tables'!CE177+'Detailed Avalerem Tables'!CE225+'Detailed Avalerem Tables'!DG32+'Detailed Avalerem Tables'!DG81+'Detailed Avalerem Tables'!DG129+'Detailed Avalerem Tables'!DG177+'Detailed Avalerem Tables'!DG225+'Detailed Avalerem Tables'!EI32+'Detailed Avalerem Tables'!EI81+'Detailed Avalerem Tables'!EI129+'Detailed Avalerem Tables'!EI177+'Detailed Avalerem Tables'!EI225)/25 -> 15.272685 | G34: =('Detailed Avalerem Tables'!AB32+'Detailed Avalerem Tables'!AB81+'Detailed Avalerem Tables'!AB129+'Detailed Avalerem Tables'!AB177+'Detailed Avalerem Tables'!AB225+'Detailed Avalerem Tables'!BD32+'Detailed Avalerem Tables'!BD81+'Detailed Avalerem Tables'!BD129+'Detailed Avalerem Tables'!BD177+'Detailed Avalerem Tables'!BD225+'Detailed Avalerem Tables'!CF32+'Detailed Avalerem Tables'!CF81+'Detailed Avalerem Tables'!CF129+'Detailed Avalerem Tables'!CF177+'Detailed Avalerem Tables'!CF225+'Detailed Avalerem Tables'!DH32+'Detailed Avalerem Tables'!DH81+'Detailed Avalerem Tables'!DH129+'Detailed Avalerem Tables'!DH177+'Detailed Avalerem Tables'!DH225+'Detailed Avalerem Tables'!EJ32+'Detailed Avalerem Tables'!EJ81+'Detailed Avalerem Tables'!EJ129+'Detailed Avalerem Tables'!EJ177+'Detailed Avalerem Tables'!EJ225)/25 -> 15.41248 | J34: 10 | K34: =$L$5*C34 -> 33.420133 | L34: =$L$5*D34 -> 31.679807 | M34: =$L$5*E34 -> 31.836359 | N34: =$L$5*F34 -> 30.545369 | O34: =$L$5*G34 -> 30.82496 | R34: 10 | S34: =$T$5*C34 -> 25.0651 | T34: =$T$5*D34 -> 23.759856 | U34: =$T$5*E34 -> 23.877269 | V34: =$T$5*F34 -> 22.909027 | W34: =$T$5*G34 -> 23.11872 | Z34: 10 | AA34: =$AB$5*C34 -> 20.05208 | AB34: =$AB$5*D34 -> 19.007884 | AC34: =$AB$5*E34 -> 19.101815 | AD34: =$AB$5*F34 -> 18.327222 | AE34: =$AB$5*G34 -> 18.494976 | AH34: 10 | AI34: =$AJ$5*C34 -> 16.710066 | AJ34: =$AJ$5*D34 -> 15.839904 | AK34: =$AJ$5*E34 -> 15.91818 | AL34: =$AJ$5*F34 -> 15.272685 | AM34: =$AJ$5*G34 -> 15.41248
B35: 11 | C35: =('Detailed Avalerem Tables'!X33+'Detailed Avalerem Tables'!X82+'Detailed Avalerem Tables'!X130+'Detailed Avalerem Tables'!X178+'Detailed Avalerem Tables'!X226+'Detailed Avalerem Tables'!AZ33+'Detailed Avalerem Tables'!AZ82+'Detailed Avalerem Tables'!AZ130+'Detailed Avalerem Tables'!AZ178+'Detailed Avalerem Tables'!AZ226+'Detailed Avalerem Tables'!CB33+'Detailed Avalerem Tables'!CB82+'Detailed Avalerem Tables'!CB130+'Detailed Avalerem Tables'!CB178+'Detailed Avalerem Tables'!CB226+'Detailed Avalerem Tables'!DD33+'Detailed Avalerem Tables'!DD82+'Detailed Avalerem Tables'!DD130+'Detailed Avalerem Tables'!DD178+'Detailed Avalerem Tables'!DD226+'Detailed Avalerem Tables'!EF33+'Detailed Avalerem Tables'!EF82+'Detailed Avalerem Tables'!EF130+'Detailed Avalerem Tables'!EF178+'Detailed Avalerem Tables'!EF226)/25 -> 13.748067 | D35: =('Detailed Avalerem Tables'!Y33+'Detailed Avalerem Tables'!Y82+'Detailed Avalerem Tables'!Y130+'Detailed Avalerem Tables'!Y178+'Detailed Avalerem Tables'!Y226+'Detailed Avalerem Tables'!BA33+'Detailed Avalerem Tables'!BA82+'Detailed Avalerem Tables'!BA130+'Detailed Avalerem Tables'!BA178+'Detailed Avalerem Tables'!BA226+'Detailed Avalerem Tables'!CC33+'Detailed Avalerem Tables'!CC82+'Detailed Avalerem Tables'!CC130+'Detailed Avalerem Tables'!CC178+'Detailed Avalerem Tables'!CC226+'Detailed Avalerem Tables'!DE33+'Detailed Avalerem Tables'!DE82+'Detailed Avalerem Tables'!DE130+'Detailed Avalerem Tables'!DE178+'Detailed Avalerem Tables'!DE226+'Detailed Avalerem Tables'!EG33+'Detailed Avalerem Tables'!EG82+'Detailed Avalerem Tables'!EG130+'Detailed Avalerem Tables'!EG178+'Detailed Avalerem Tables'!EG226)/25 -> 13.435199 | E35: =('Detailed Avalerem Tables'!Z33+'Detailed Avalerem Tables'!Z82+'Detailed Avalerem Tables'!Z130+'Detailed Avalerem Tables'!Z178+'Detailed Avalerem Tables'!Z226+'Detailed Avalerem Tables'!BB33+'Detailed Avalerem Tables'!BB82+'Detailed Avalerem Tables'!BB130+'Detailed Avalerem Tables'!BB178+'Detailed Avalerem Tables'!BB226+'Detailed Avalerem Tables'!CD33+'Detailed Avalerem Tables'!CD82+'Detailed Avalerem Tables'!CD130+'Detailed Avalerem Tables'!CD178+'Detailed Avalerem Tables'!CD226+'Detailed Avalerem Tables'!DF33+'Detailed Avalerem Tables'!DF82+'Detailed Avalerem Tables'!DF130+'Detailed Avalerem Tables'!DF178+'Detailed Avalerem Tables'!DF226+'Detailed Avalerem Tables'!EH33+'Detailed Avalerem Tables'!EH82+'Detailed Avalerem Tables'!EH130+'Detailed Avalerem Tables'!EH178+'Detailed Avalerem Tables'!EH226)/25 -> 13.056013 | F35: =('Detailed Avalerem Tables'!AA33+'Detailed Avalerem Tables'!AA82+'Detailed Avalerem Tables'!AA130+'Detailed Avalerem Tables'!AA178+'Detailed Avalerem Tables'!AA226+'Detailed Avalerem Tables'!BC33+'Detailed Avalerem Tables'!BC82+'Detailed Avalerem Tables'!BC130+'Detailed Avalerem Tables'!BC178+'Detailed Avalerem Tables'!BC226+'Detailed Avalerem Tables'!CE33+'Detailed Avalerem Tables'!CE82+'Detailed Avalerem Tables'!CE130+'Detailed Avalerem Tables'!CE178+'Detailed Avalerem Tables'!CE226+'Detailed Avalerem Tables'!DG33+'Detailed Avalerem Tables'!DG82+'Detailed Avalerem Tables'!DG130+'Detailed Avalerem Tables'!DG178+'Detailed Avalerem Tables'!DG226+'Detailed Avalerem Tables'!EI33+'Detailed Avalerem Tables'!EI82+'Detailed Avalerem Tables'!EI130+'Detailed Avalerem Tables'!EI178+'Detailed Avalerem Tables'!EI226)/25 -> 13.082366 | G35: =('Detailed Avalerem Tables'!AB33+'Detailed Avalerem Tables'!AB82+'Detailed Avalerem Tables'!AB130+'Detailed Avalerem Tables'!AB178+'Detailed Avalerem Tables'!AB226+'Detailed Avalerem Tables'!BD33+'Detailed Avalerem Tables'!BD82+'Detailed Avalerem Tables'!BD130+'Detailed Avalerem Tables'!BD178+'Detailed Avalerem Tables'!BD226+'Detailed Avalerem Tables'!CF33+'Detailed Avalerem Tables'!CF82+'Detailed Avalerem Tables'!CF130+'Detailed Avalerem Tables'!CF178+'Detailed Avalerem Tables'!CF226+'Detailed Avalerem Tables'!DH33+'Detailed Avalerem Tables'!DH82+'Detailed Avalerem Tables'!DH130+'Detailed Avalerem Tables'!DH178+'Detailed Avalerem Tables'!DH226+'Detailed Avalerem Tables'!EJ33+'Detailed Avalerem Tables'!EJ82+'Detailed Avalerem Tables'!EJ130+'Detailed Avalerem Tables'!EJ178+'Detailed Avalerem Tables'!EJ226)/25 -> 12.845209 | J35: 11 | K35: =$L$5*C35 -> 27.496133 | L35: =$L$5*D35 -> 26.870398 | M35: =$L$5*E35 -> 26.112026 | N35: =$L$5*F35 -> 26.164732 | O35: =$L$5*G35 -> 25.690418 | R35: 11 | S35: =$T$5*C35 -> 20.6221 | T35: =$T$5*D35 -> 20.152798 | U35: =$T$5*E35 -> 19.58402 | V35: =$T$5*F35 -> 19.623549 | W35: =$T$5*G35 -> 19.267813 | Z35: 11 | AA35: =$AB$5*C35 -> 16.49768 | AB35: =$AB$5*D35 -> 16.122239 | AC35: =$AB$5*E35 -> 15.667216 | AD35: =$AB$5*F35 -> 15.698839 | AE35: =$AB$5*G35 -> 15.414251 | AH35: 11 | AI35: =$AJ$5*C35 -> 13.748067 | AJ35: =$AJ$5*D35 -> 13.435199 | AK35: =$AJ$5*E35 -> 13.056013 | AL35: =$AJ$5*F35 -> 13.082366 | AM35: =$AJ$5*G35 -> 12.845209
B36: 12 | C36: =('Detailed Avalerem Tables'!X34+'Detailed Avalerem Tables'!X83+'Detailed Avalerem Tables'!X131+'Detailed Avalerem Tables'!X179+'Detailed Avalerem Tables'!X227+'Detailed Avalerem Tables'!AZ34+'Detailed Avalerem Tables'!AZ83+'Detailed Avalerem Tables'!AZ131+'Detailed Avalerem Tables'!AZ179+'Detailed Avalerem Tables'!AZ227+'Detailed Avalerem Tables'!CB34+'Detailed Avalerem Tables'!CB83+'Detailed Avalerem Tables'!CB131+'Detailed Avalerem Tables'!CB179+'Detailed Avalerem Tables'!CB227+'Detailed Avalerem Tables'!DD34+'Detailed Avalerem Tables'!DD83+'Detailed Avalerem Tables'!DD131+'Detailed Avalerem Tables'!DD179+'Detailed Avalerem Tables'!DD227+'Detailed Avalerem Tables'!EF34+'Detailed Avalerem Tables'!EF83+'Detailed Avalerem Tables'!EF131+'Detailed Avalerem Tables'!EF179+'Detailed Avalerem Tables'!EF227)/25 -> 13.704201 | D36: =('Detailed Avalerem Tables'!Y34+'Detailed Avalerem Tables'!Y83+'Detailed Avalerem Tables'!Y131+'Detailed Avalerem Tables'!Y179+'Detailed Avalerem Tables'!Y227+'Detailed Avalerem Tables'!BA34+'Detailed Avalerem Tables'!BA83+'Detailed Avalerem Tables'!BA131+'Detailed Avalerem Tables'!BA179+'Detailed Avalerem Tables'!BA227+'Detailed Avalerem Tables'!CC34+'Detailed Avalerem Tables'!CC83+'Detailed Avalerem Tables'!CC131+'Detailed Avalerem Tables'!CC179+'Detailed Avalerem Tables'!CC227+'Detailed Avalerem Tables'!DE34+'Detailed Avalerem Tables'!DE83+'Detailed Avalerem Tables'!DE131+'Detailed Avalerem Tables'!DE179+'Detailed Avalerem Tables'!DE227+'Detailed Avalerem Tables'!EG34+'Detailed Avalerem Tables'!EG83+'Detailed Avalerem Tables'!EG131+'Detailed Avalerem Tables'!EG179+'Detailed Avalerem Tables'!EG227)/25 -> 12.652616 | E36: =('Detailed Avalerem Tables'!Z34+'Detailed Avalerem Tables'!Z83+'Detailed Avalerem Tables'!Z131+'Detailed Avalerem Tables'!Z179+'Detailed Avalerem Tables'!Z227+'Detailed Avalerem Tables'!BB34+'Detailed Avalerem Tables'!BB83+'Detailed Avalerem Tables'!BB131+'Detailed Avalerem Tables'!BB179+'Detailed Avalerem Tables'!BB227+'Detailed Avalerem Tables'!CD34+'Detailed Avalerem Tables'!CD83+'Detailed Avalerem Tables'!CD131+'Detailed Avalerem Tables'!CD179+'Detailed Avalerem Tables'!CD227+'Detailed Avalerem Tables'!DF34+'Detailed Avalerem Tables'!DF83+'Detailed Avalerem Tables'!DF131+'Detailed Avalerem Tables'!DF179+'Detailed Avalerem Tables'!DF227+'Detailed Avalerem Tables'!EH34+'Detailed Avalerem Tables'!EH83+'Detailed Avalerem Tables'!EH131+'Detailed Avalerem Tables'!EH179+'Detailed Avalerem Tables'!EH227)/25 -> 12.931963 | F36: =('Detailed Avalerem Tables'!AA34+'Detailed Avalerem Tables'!AA83+'Detailed Avalerem Tables'!AA131+'Detailed Avalerem Tables'!AA179+'Detailed Avalerem Tables'!AA227+'Detailed Avalerem Tables'!BC34+'Detailed Avalerem Tables'!BC83+'Detailed Avalerem Tables'!BC131+'Detailed Avalerem Tables'!BC179+'Detailed Avalerem Tables'!BC227+'Detailed Avalerem Tables'!CE34+'Detailed Avalerem Tables'!CE83+'Detailed Avalerem Tables'!CE131+'Detailed Avalerem Tables'!CE179+'Detailed Avalerem Tables'!CE227+'Detailed Avalerem Tables'!DG34+'Detailed Avalerem Tables'!DG83+'Detailed Avalerem Tables'!DG131+'Detailed Avalerem Tables'!DG179+'Detailed Avalerem Tables'!DG227+'Detailed Avalerem Tables'!EI34+'Detailed Avalerem Tables'!EI83+'Detailed Avalerem Tables'!EI131+'Detailed Avalerem Tables'!EI179+'Detailed Avalerem Tables'!EI227)/25 -> 12.724854 | G36: =('Detailed Avalerem Tables'!AB34+'Detailed Avalerem Tables'!AB83+'Detailed Avalerem Tables'!AB131+'Detailed Avalerem Tables'!AB179+'Detailed Avalerem Tables'!AB227+'Detailed Avalerem Tables'!BD34+'Detailed Avalerem Tables'!BD83+'Detailed Avalerem Tables'!BD131+'Detailed Avalerem Tables'!BD179+'Detailed Avalerem Tables'!BD227+'Detailed Avalerem Tables'!CF34+'Detailed Avalerem Tables'!CF83+'Detailed Avalerem Tables'!CF131+'Detailed Avalerem Tables'!CF179+'Detailed Avalerem Tables'!CF227+'Detailed Avalerem Tables'!DH34+'Detailed Avalerem Tables'!DH83+'Detailed Avalerem Tables'!DH131+'Detailed Avalerem Tables'!DH179+'Detailed Avalerem Tables'!DH227+'Detailed Avalerem Tables'!EJ34+'Detailed Avalerem Tables'!EJ83+'Detailed Avalerem Tables'!EJ131+'Detailed Avalerem Tables'!EJ179+'Detailed Avalerem Tables'!EJ227)/25 -> 12.741243 | J36: 12 | K36: =$L$5*C36 -> 27.408402 | L36: =$L$5*D36 -> 25.305232 | M36: =$L$5*E36 -> 25.863926 | N36: =$L$5*F36 -> 25.449708 | O36: =$L$5*G36 -> 25.482486 | R36: 12 | S36: =$T$5*C36 -> 20.556302 | T36: =$T$5*D36 -> 18.978924 | U36: =$T$5*E36 -> 19.397945 | V36: =$T$5*F36 -> 19.087281 | W36: =$T$5*G36 -> 19.111865 | Z36: 12 | AA36: =$AB$5*C36 -> 16.445041 | AB36: =$AB$5*D36 -> 15.183139 | AC36: =$AB$5*E36 -> 15.518356 | AD36: =$AB$5*F36 -> 15.269825 | AE36: =$AB$5*G36 -> 15.289492 | AH36: 12 | AI36: =$AJ$5*C36 -> 13.704201 | AJ36: =$AJ$5*D36 -> 12.652616 | AK36: =$AJ$5*E36 -> 12.931963 | AL36: =$AJ$5*F36 -> 12.724854 | AM36: =$AJ$5*G36 -> 12.741243
B38: Word-2 Standard Value | J38: Word-2 Standard Value | R38: Word-2 Standard Value | Z38: Word-2 Standard Value | AH38: Word-2 Standard Value
B39: Card No. | C39: Anxergy | D39: Exdysivity | E39: Dexterience | F39: Avalremy | G39: Atammayata | J39: Card No. | K39: Anxergy | L39: Exdysivity | M39: Dexterience | N39: Avalremy | O39: Atammayata | R39: Card No. | S39: Anxergy | T39: Exdysivity | U39: Dexterience | V39: Avalremy | W39: Atammayata | Z39: Card No. | AA39: Anxergy | AB39: Exdysivity | AC39: Dexterience | AD39: Avalremy | AE39: Atammayata | AH39: Card No. | AI39: Anxergy | AJ39: Exdysivity | AK39: Dexterience | AL39: Avalremy | AM39: Atammayata
B40: 1 | C40: =('Detailed Avalerem Tables'!X38+'Detailed Avalerem Tables'!X87+'Detailed Avalerem Tables'!X135+'Detailed Avalerem Tables'!X183+'Detailed Avalerem Tables'!X231+'Detailed Avalerem Tables'!AZ38+'Detailed Avalerem Tables'!AZ87+'Detailed Avalerem Tables'!AZ135+'Detailed Avalerem Tables'!AZ183+'Detailed Avalerem Tables'!AZ231+'Detailed Avalerem Tables'!CB38+'Detailed Avalerem Tables'!CB87+'Detailed Avalerem Tables'!CB135+'Detailed Avalerem Tables'!CB183+'Detailed Avalerem Tables'!CB231+'Detailed Avalerem Tables'!DD38+'Detailed Avalerem Tables'!DD87+'Detailed Avalerem Tables'!DD135+'Detailed Avalerem Tables'!DD183+'Detailed Avalerem Tables'!DD231+'Detailed Avalerem Tables'!EF38+'Detailed Avalerem Tables'!EF87+'Detailed Avalerem Tables'!EF135+'Detailed Avalerem Tables'!EF183+'Detailed Avalerem Tables'!EF231)/25 -> 30.55633 | D40: =('Detailed Avalerem Tables'!Y38+'Detailed Avalerem Tables'!Y87+'Detailed Avalerem Tables'!Y135+'Detailed Avalerem Tables'!Y183+'Detailed Avalerem Tables'!Y231+'Detailed Avalerem Tables'!BA38+'Detailed Avalerem Tables'!BA87+'Detailed Avalerem Tables'!BA135+'Detailed Avalerem Tables'!BA183+'Detailed Avalerem Tables'!BA231+'Detailed Avalerem Tables'!CC38+'Detailed Avalerem Tables'!CC87+'Detailed Avalerem Tables'!CC135+'Detailed Avalerem Tables'!CC183+'Detailed Avalerem Tables'!CC231+'Detailed Avalerem Tables'!DE38+'Detailed Avalerem Tables'!DE87+'Detailed Avalerem Tables'!DE135+'Detailed Avalerem Tables'!DE183+'Detailed Avalerem Tables'!DE231+'Detailed Avalerem Tables'!EG38+'Detailed Avalerem Tables'!EG87+'Detailed Avalerem Tables'!EG135+'Detailed Avalerem Tables'!EG183+'Detailed Avalerem Tables'!EG231)/25 -> 28.940934 | E40: =('Detailed Avalerem Tables'!Z38+'Detailed Avalerem Tables'!Z87+'Detailed Avalerem Tables'!Z135+'Detailed Avalerem Tables'!Z183+'Detailed Avalerem Tables'!Z231+'Detailed Avalerem Tables'!BB38+'Detailed Avalerem Tables'!BB87+'Detailed Avalerem Tables'!BB135+'Detailed Avalerem Tables'!BB183+'Detailed Avalerem Tables'!BB231+'Detailed Avalerem Tables'!CD38+'Detailed Avalerem Tables'!CD87+'Detailed Avalerem Tables'!CD135+'Detailed Avalerem Tables'!CD183+'Detailed Avalerem Tables'!CD231+'Detailed Avalerem Tables'!DF38+'Detailed Avalerem Tables'!DF87+'Detailed Avalerem Tables'!DF135+'Detailed Avalerem Tables'!DF183+'Detailed Avalerem Tables'!DF231+'Detailed Avalerem Tables'!EH38+'Detailed Avalerem Tables'!EH87+'Detailed Avalerem Tables'!EH135+'Detailed Avalerem Tables'!EH183+'Detailed Avalerem Tables'!EH231)/25 -> 29.008504 | F40: =('Detailed Avalerem Tables'!AA38+'Detailed Avalerem Tables'!AA87+'Detailed Avalerem Tables'!AA135+'Detailed Avalerem Tables'!AA183+'Detailed Avalerem Tables'!AA231+'Detailed Avalerem Tables'!BC38+'Detailed Avalerem Tables'!BC87+'Detailed Avalerem Tables'!BC135+'Detailed Avalerem Tables'!BC183+'Detailed Avalerem Tables'!BC231+'Detailed Avalerem Tables'!CE38+'Detailed Avalerem Tables'!CE87+'Detailed Avalerem Tables'!CE135+'Detailed Avalerem Tables'!CE183+'Detailed Avalerem Tables'!CE231+'Detailed Avalerem Tables'!DG38+'Detailed Avalerem Tables'!DG87+'Detailed Avalerem Tables'!DG135+'Detailed Avalerem Tables'!DG183+'Detailed Avalerem Tables'!DG231+'Detailed Avalerem Tables'!EI38+'Detailed Avalerem Tables'!EI87+'Detailed Avalerem Tables'!EI135+'Detailed Avalerem Tables'!EI183+'Detailed Avalerem Tables'!EI231)/25 -> 28.291147 | G40: =('Detailed Avalerem Tables'!AB38+'Detailed Avalerem Tables'!AB87+'Detailed Avalerem Tables'!AB135+'Detailed Avalerem Tables'!AB183+'Detailed Avalerem Tables'!AB231+'Detailed Avalerem Tables'!BD38+'Detailed Avalerem Tables'!BD87+'Detailed Avalerem Tables'!BD135+'Detailed Avalerem Tables'!BD183+'Detailed Avalerem Tables'!BD231+'Detailed Avalerem Tables'!CF38+'Detailed Avalerem Tables'!CF87+'Detailed Avalerem Tables'!CF135+'Detailed Avalerem Tables'!CF183+'Detailed Avalerem Tables'!CF231+'Detailed Avalerem Tables'!DH38+'Detailed Avalerem Tables'!DH87+'Detailed Avalerem Tables'!DH135+'Detailed Avalerem Tables'!DH183+'Detailed Avalerem Tables'!DH231+'Detailed Avalerem Tables'!EJ38+'Detailed Avalerem Tables'!EJ87+'Detailed Avalerem Tables'!EJ135+'Detailed Avalerem Tables'!EJ183+'Detailed Avalerem Tables'!EJ231)/25 -> 27.982311 | J40: 1 | K40: =$L$5*C40 -> 61.112659 | L40: =$L$5*D40 -> 57.881869 | M40: =$L$5*E40 -> 58.017008 | N40: =$L$5*F40 -> 56.582294 | O40: =$L$5*G40 -> 55.964623 | R40: 1 | S40: =$T$5*C40 -> 45.834495 | T40: =$T$5*D40 -> 43.411402 | U40: =$T$5*E40 -> 43.512756 | V40: =$T$5*F40 -> 42.436721 | W40: =$T$5*G40 -> 41.973467 | Z40: 1 | AA40: =$AB$5*C40 -> 36.667596 | AB40: =$AB$5*D40 -> 34.729121 | AC40: =$AB$5*E40 -> 34.810205 | AD40: =$AB$5*F40 -> 33.949376 | AE40: =$AB$5*G40 -> 33.578774 | AH40: 1 | AI40: =$AJ$5*C40 -> 30.55633 | AJ40: =$AJ$5*D40 -> 28.940934 | AK40: =$AJ$5*E40 -> 29.008504 | AL40: =$AJ$5*F40 -> 28.291147 | AM40: =$AJ$5*G40 -> 27.982311
B41: 2 | C41: =('Detailed Avalerem Tables'!X39+'Detailed Avalerem Tables'!X88+'Detailed Avalerem Tables'!X136+'Detailed Avalerem Tables'!X184+'Detailed Avalerem Tables'!X232+'Detailed Avalerem Tables'!AZ39+'Detailed Avalerem Tables'!AZ88+'Detailed Avalerem Tables'!AZ136+'Detailed Avalerem Tables'!AZ184+'Detailed Avalerem Tables'!AZ232+'Detailed Avalerem Tables'!CB39+'Detailed Avalerem Tables'!CB88+'Detailed Avalerem Tables'!CB136+'Detailed Avalerem Tables'!CB184+'Detailed Avalerem Tables'!CB232+'Detailed Avalerem Tables'!DD39+'Detailed Avalerem Tables'!DD88+'Detailed Avalerem Tables'!DD136+'Detailed Avalerem Tables'!DD184+'Detailed Avalerem Tables'!DD232+'Detailed Avalerem Tables'!EF39+'Detailed Avalerem Tables'!EF88+'Detailed Avalerem Tables'!EF136+'Detailed Avalerem Tables'!EF184+'Detailed Avalerem Tables'!EF232)/25 -> 31.849172 | D41: =('Detailed Avalerem Tables'!Y39+'Detailed Avalerem Tables'!Y88+'Detailed Avalerem Tables'!Y136+'Detailed Avalerem Tables'!Y184+'Detailed Avalerem Tables'!Y232+'Detailed Avalerem Tables'!BA39+'Detailed Avalerem Tables'!BA88+'Detailed Avalerem Tables'!BA136+'Detailed Avalerem Tables'!BA184+'Detailed Avalerem Tables'!BA232+'Detailed Avalerem Tables'!CC39+'Detailed Avalerem Tables'!CC88+'Detailed Avalerem Tables'!CC136+'Detailed Avalerem Tables'!CC184+'Detailed Avalerem Tables'!CC232+'Detailed Avalerem Tables'!DE39+'Detailed Avalerem Tables'!DE88+'Detailed Avalerem Tables'!DE136+'Detailed Avalerem Tables'!DE184+'Detailed Avalerem Tables'!DE232+'Detailed Avalerem Tables'!EG39+'Detailed Avalerem Tables'!EG88+'Detailed Avalerem Tables'!EG136+'Detailed Avalerem Tables'!EG184+'Detailed Avalerem Tables'!EG232)/25 -> 30.222749 | E41: =('Detailed Avalerem Tables'!Z39+'Detailed Avalerem Tables'!Z88+'Detailed Avalerem Tables'!Z136+'Detailed Avalerem Tables'!Z184+'Detailed Avalerem Tables'!Z232+'Detailed Avalerem Tables'!BB39+'Detailed Avalerem Tables'!BB88+'Detailed Avalerem Tables'!BB136+'Detailed Avalerem Tables'!BB184+'Detailed Avalerem Tables'!BB232+'Detailed Avalerem Tables'!CD39+'Detailed Avalerem Tables'!CD88+'Detailed Avalerem Tables'!CD136+'Detailed Avalerem Tables'!CD184+'Detailed Avalerem Tables'!CD232+'Detailed Avalerem Tables'!DF39+'Detailed Avalerem Tables'!DF88+'Detailed Avalerem Tables'!DF136+'Detailed Avalerem Tables'!DF184+'Detailed Avalerem Tables'!DF232+'Detailed Avalerem Tables'!EH39+'Detailed Avalerem Tables'!EH88+'Detailed Avalerem Tables'!EH136+'Detailed Avalerem Tables'!EH184+'Detailed Avalerem Tables'!EH232)/25 -> 30.249436 | F41: =('Detailed Avalerem Tables'!AA39+'Detailed Avalerem Tables'!AA88+'Detailed Avalerem Tables'!AA136+'Detailed Avalerem Tables'!AA184+'Detailed Avalerem Tables'!AA232+'Detailed Avalerem Tables'!BC39+'Detailed Avalerem Tables'!BC88+'Detailed Avalerem Tables'!BC136+'Detailed Avalerem Tables'!BC184+'Detailed Avalerem Tables'!BC232+'Detailed Avalerem Tables'!CE39+'Detailed Avalerem Tables'!CE88+'Detailed Avalerem Tables'!CE136+'Detailed Avalerem Tables'!CE184+'Detailed Avalerem Tables'!CE232+'Detailed Avalerem Tables'!DG39+'Detailed Avalerem Tables'!DG88+'Detailed Avalerem Tables'!DG136+'Detailed Avalerem Tables'!DG184+'Detailed Avalerem Tables'!DG232+'Detailed Avalerem Tables'!EI39+'Detailed Avalerem Tables'!EI88+'Detailed Avalerem Tables'!EI136+'Detailed Avalerem Tables'!EI184+'Detailed Avalerem Tables'!EI232)/25 -> 29.551266 | G41: =('Detailed Avalerem Tables'!AB39+'Detailed Avalerem Tables'!AB88+'Detailed Avalerem Tables'!AB136+'Detailed Avalerem Tables'!AB184+'Detailed Avalerem Tables'!AB232+'Detailed Avalerem Tables'!BD39+'Detailed Avalerem Tables'!BD88+'Detailed Avalerem Tables'!BD136+'Detailed Avalerem Tables'!BD184+'Detailed Avalerem Tables'!BD232+'Detailed Avalerem Tables'!CF39+'Detailed Avalerem Tables'!CF88+'Detailed Avalerem Tables'!CF136+'Detailed Avalerem Tables'!CF184+'Detailed Avalerem Tables'!CF232+'Detailed Avalerem Tables'!DH39+'Detailed Avalerem Tables'!DH88+'Detailed Avalerem Tables'!DH136+'Detailed Avalerem Tables'!DH184+'Detailed Avalerem Tables'!DH232+'Detailed Avalerem Tables'!EJ39+'Detailed Avalerem Tables'!EJ88+'Detailed Avalerem Tables'!EJ136+'Detailed Avalerem Tables'!EJ184+'Detailed Avalerem Tables'!EJ232)/25 -> 29.303635 | J41: 2 | K41: =$L$5*C41 -> 63.698344 | L41: =$L$5*D41 -> 60.445498 | M41: =$L$5*E41 -> 60.498873 | N41: =$L$5*F41 -> 59.102533 | O41: =$L$5*G41 -> 58.60727 | R41: 2 | S41: =$T$5*C41 -> 47.773758 | T41: =$T$5*D41 -> 45.334124 | U41: =$T$5*E41 -> 45.374154 | V41: =$T$5*F41 -> 44.326899 | W41: =$T$5*G41 -> 43.955453 | Z41: 2 | AA41: =$AB$5*C41 -> 38.219007 | AB41: =$AB$5*D41 -> 36.267299 | AC41: =$AB$5*E41 -> 36.299324 | AD41: =$AB$5*F41 -> 35.46152 | AE41: =$AB$5*G41 -> 35.164362 | AH41: 2 | AI41: =$AJ$5*C41 -> 31.849172 | AJ41: =$AJ$5*D41 -> 30.222749 | AK41: =$AJ$5*E41 -> 30.249436 | AL41: =$AJ$5*F41 -> 29.551266 | AM41: =$AJ$5*G41 -> 29.303635
B42: 3 | C42: =('Detailed Avalerem Tables'!X40+'Detailed Avalerem Tables'!X89+'Detailed Avalerem Tables'!X137+'Detailed Avalerem Tables'!X185+'Detailed Avalerem Tables'!X233+'Detailed Avalerem Tables'!AZ40+'Detailed Avalerem Tables'!AZ89+'Detailed Avalerem Tables'!AZ137+'Detailed Avalerem Tables'!AZ185+'Detailed Avalerem Tables'!AZ233+'Detailed Avalerem Tables'!CB40+'Detailed Avalerem Tables'!CB89+'Detailed Avalerem Tables'!CB137+'Detailed Avalerem Tables'!CB185+'Detailed Avalerem Tables'!CB233+'Detailed Avalerem Tables'!DD40+'Detailed Avalerem Tables'!DD89+'Detailed Avalerem Tables'!DD137+'Detailed Avalerem Tables'!DD185+'Detailed Avalerem Tables'!DD233+'Detailed Avalerem Tables'!EF40+'Detailed Avalerem Tables'!EF89+'Detailed Avalerem Tables'!EF137+'Detailed Avalerem Tables'!EF185+'Detailed Avalerem Tables'!EF233)/25 -> 33.142015 | D42: =('Detailed Avalerem Tables'!Y40+'Detailed Avalerem Tables'!Y89+'Detailed Avalerem Tables'!Y137+'Detailed Avalerem Tables'!Y185+'Detailed Avalerem Tables'!Y233+'Detailed Avalerem Tables'!BA40+'Detailed Avalerem Tables'!BA89+'Detailed Avalerem Tables'!BA137+'Detailed Avalerem Tables'!BA185+'Detailed Avalerem Tables'!BA233+'Detailed Avalerem Tables'!CC40+'Detailed Avalerem Tables'!CC89+'Detailed Avalerem Tables'!CC137+'Detailed Avalerem Tables'!CC185+'Detailed Avalerem Tables'!CC233+'Detailed Avalerem Tables'!DE40+'Detailed Avalerem Tables'!DE89+'Detailed Avalerem Tables'!DE137+'Detailed Avalerem Tables'!DE185+'Detailed Avalerem Tables'!DE233+'Detailed Avalerem Tables'!EG40+'Detailed Avalerem Tables'!EG89+'Detailed Avalerem Tables'!EG137+'Detailed Avalerem Tables'!EG185+'Detailed Avalerem Tables'!EG233)/25 -> 31.504564 | E42: =('Detailed Avalerem Tables'!Z40+'Detailed Avalerem Tables'!Z89+'Detailed Avalerem Tables'!Z137+'Detailed Avalerem Tables'!Z185+'Detailed Avalerem Tables'!Z233+'Detailed Avalerem Tables'!BB40+'Detailed Avalerem Tables'!BB89+'Detailed Avalerem Tables'!BB137+'Detailed Avalerem Tables'!BB185+'Detailed Avalerem Tables'!BB233+'Detailed Avalerem Tables'!CD40+'Detailed Avalerem Tables'!CD89+'Detailed Avalerem Tables'!CD137+'Detailed Avalerem Tables'!CD185+'Detailed Avalerem Tables'!CD233+'Detailed Avalerem Tables'!DF40+'Detailed Avalerem Tables'!DF89+'Detailed Avalerem Tables'!DF137+'Detailed Avalerem Tables'!DF185+'Detailed Avalerem Tables'!DF233+'Detailed Avalerem Tables'!EH40+'Detailed Avalerem Tables'!EH89+'Detailed Avalerem Tables'!EH137+'Detailed Avalerem Tables'!EH185+'Detailed Avalerem Tables'!EH233)/25 -> 31.490369 | F42: =('Detailed Avalerem Tables'!AA40+'Detailed Avalerem Tables'!AA89+'Detailed Avalerem Tables'!AA137+'Detailed Avalerem Tables'!AA185+'Detailed Avalerem Tables'!AA233+'Detailed Avalerem Tables'!BC40+'Detailed Avalerem Tables'!BC89+'Detailed Avalerem Tables'!BC137+'Detailed Avalerem Tables'!BC185+'Detailed Avalerem Tables'!BC233+'Detailed Avalerem Tables'!CE40+'Detailed Avalerem Tables'!CE89+'Detailed Avalerem Tables'!CE137+'Detailed Avalerem Tables'!CE185+'Detailed Avalerem Tables'!CE233+'Detailed Avalerem Tables'!DG40+'Detailed Avalerem Tables'!DG89+'Detailed Avalerem Tables'!DG137+'Detailed Avalerem Tables'!DG185+'Detailed Avalerem Tables'!DG233+'Detailed Avalerem Tables'!EI40+'Detailed Avalerem Tables'!EI89+'Detailed Avalerem Tables'!EI137+'Detailed Avalerem Tables'!EI185+'Detailed Avalerem Tables'!EI233)/25 -> 30.811386 | G42: =('Detailed Avalerem Tables'!AB40+'Detailed Avalerem Tables'!AB89+'Detailed Avalerem Tables'!AB137+'Detailed Avalerem Tables'!AB185+'Detailed Avalerem Tables'!AB233+'Detailed Avalerem Tables'!BD40+'Detailed Avalerem Tables'!BD89+'Detailed Avalerem Tables'!BD137+'Detailed Avalerem Tables'!BD185+'Detailed Avalerem Tables'!BD233+'Detailed Avalerem Tables'!CF40+'Detailed Avalerem Tables'!CF89+'Detailed Avalerem Tables'!CF137+'Detailed Avalerem Tables'!CF185+'Detailed Avalerem Tables'!CF233+'Detailed Avalerem Tables'!DH40+'Detailed Avalerem Tables'!DH89+'Detailed Avalerem Tables'!DH137+'Detailed Avalerem Tables'!DH185+'Detailed Avalerem Tables'!DH233+'Detailed Avalerem Tables'!EJ40+'Detailed Avalerem Tables'!EJ89+'Detailed Avalerem Tables'!EJ137+'Detailed Avalerem Tables'!EJ185+'Detailed Avalerem Tables'!EJ233)/25 -> 30.624959 | J42: 3 | K42: =$L$5*C42 -> 66.284029 | L42: =$L$5*D42 -> 63.009127 | M42: =$L$5*E42 -> 62.980737 | N42: =$L$5*F42 -> 61.622771 | O42: =$L$5*G42 -> 61.249918 | R42: 3 | S42: =$T$5*C42 -> 49.713022 | T42: =$T$5*D42 -> 47.256846 | U42: =$T$5*E42 -> 47.235553 | V42: =$T$5*F42 -> 46.217078 | W42: =$T$5*G42 -> 45.937439 | Z42: 3 | AA42: =$AB$5*C42 -> 39.770417 | AB42: =$AB$5*D42 -> 37.805476 | AC42: =$AB$5*E42 -> 37.788442 | AD42: =$AB$5*F42 -> 36.973663 | AE42: =$AB$5*G42 -> 36.749951 | AH42: 3 | AI42: =$AJ$5*C42 -> 33.142015 | AJ42: =$AJ$5*D42 -> 31.504564 | AK42: =$AJ$5*E42 -> 31.490369 | AL42: =$AJ$5*F42 -> 30.811386 | AM42: =$AJ$5*G42 -> 30.624959
B43: 4 | C43: =('Detailed Avalerem Tables'!X41+'Detailed Avalerem Tables'!X90+'Detailed Avalerem Tables'!X138+'Detailed Avalerem Tables'!X186+'Detailed Avalerem Tables'!X234+'Detailed Avalerem Tables'!AZ41+'Detailed Avalerem Tables'!AZ90+'Detailed Avalerem Tables'!AZ138+'Detailed Avalerem Tables'!AZ186+'Detailed Avalerem Tables'!AZ234+'Detailed Avalerem Tables'!CB41+'Detailed Avalerem Tables'!CB90+'Detailed Avalerem Tables'!CB138+'Detailed Avalerem Tables'!CB186+'Detailed Avalerem Tables'!CB234+'Detailed Avalerem Tables'!DD41+'Detailed Avalerem Tables'!DD90+'Detailed Avalerem Tables'!DD138+'Detailed Avalerem Tables'!DD186+'Detailed Avalerem Tables'!DD234+'Detailed Avalerem Tables'!EF41+'Detailed Avalerem Tables'!EF90+'Detailed Avalerem Tables'!EF138+'Detailed Avalerem Tables'!EF186+'Detailed Avalerem Tables'!EF234)/25 -> 33.142015 | D43: =('Detailed Avalerem Tables'!Y41+'Detailed Avalerem Tables'!Y90+'Detailed Avalerem Tables'!Y138+'Detailed Avalerem Tables'!Y186+'Detailed Avalerem Tables'!Y234+'Detailed Avalerem Tables'!BA41+'Detailed Avalerem Tables'!BA90+'Detailed Avalerem Tables'!BA138+'Detailed Avalerem Tables'!BA186+'Detailed Avalerem Tables'!BA234+'Detailed Avalerem Tables'!CC41+'Detailed Avalerem Tables'!CC90+'Detailed Avalerem Tables'!CC138+'Detailed Avalerem Tables'!CC186+'Detailed Avalerem Tables'!CC234+'Detailed Avalerem Tables'!DE41+'Detailed Avalerem Tables'!DE90+'Detailed Avalerem Tables'!DE138+'Detailed Avalerem Tables'!DE186+'Detailed Avalerem Tables'!DE234+'Detailed Avalerem Tables'!EG41+'Detailed Avalerem Tables'!EG90+'Detailed Avalerem Tables'!EG138+'Detailed Avalerem Tables'!EG186+'Detailed Avalerem Tables'!EG234)/25 -> 31.504564 | E43: =('Detailed Avalerem Tables'!Z41+'Detailed Avalerem Tables'!Z90+'Detailed Avalerem Tables'!Z138+'Detailed Avalerem Tables'!Z186+'Detailed Avalerem Tables'!Z234+'Detailed Avalerem Tables'!BB41+'Detailed Avalerem Tables'!BB90+'Detailed Avalerem Tables'!BB138+'Detailed Avalerem Tables'!BB186+'Detailed Avalerem Tables'!BB234+'Detailed Avalerem Tables'!CD41+'Detailed Avalerem Tables'!CD90+'Detailed Avalerem Tables'!CD138+'Detailed Avalerem Tables'!CD186+'Detailed Avalerem Tables'!CD234+'Detailed Avalerem Tables'!DF41+'Detailed Avalerem Tables'!DF90+'Detailed Avalerem Tables'!DF138+'Detailed Avalerem Tables'!DF186+'Detailed Avalerem Tables'!DF234+'Detailed Avalerem Tables'!EH41+'Detailed Avalerem Tables'!EH90+'Detailed Avalerem Tables'!EH138+'Detailed Avalerem Tables'!EH186+'Detailed Avalerem Tables'!EH234)/25 -> 31.490369 | F43: =('Detailed Avalerem Tables'!AA41+'Detailed Avalerem Tables'!AA90+'Detailed Avalerem Tables'!AA138+'Detailed Avalerem Tables'!AA186+'Detailed Avalerem Tables'!AA234+'Detailed Avalerem Tables'!BC41+'Detailed Avalerem Tables'!BC90+'Detailed Avalerem Tables'!BC138+'Detailed Avalerem Tables'!BC186+'Detailed Avalerem Tables'!BC234+'Detailed Avalerem Tables'!CE41+'Detailed Avalerem Tables'!CE90+'Detailed Avalerem Tables'!CE138+'Detailed Avalerem Tables'!CE186+'Detailed Avalerem Tables'!CE234+'Detailed Avalerem Tables'!DG41+'Detailed Avalerem Tables'!DG90+'Detailed Avalerem Tables'!DG138+'Detailed Avalerem Tables'!DG186+'Detailed Avalerem Tables'!DG234+'Detailed Avalerem Tables'!EI41+'Detailed Avalerem Tables'!EI90+'Detailed Avalerem Tables'!EI138+'Detailed Avalerem Tables'!EI186+'Detailed Avalerem Tables'!EI234)/25 -> 30.811386 | G43: =('Detailed Avalerem Tables'!AB41+'Detailed Avalerem Tables'!AB90+'Detailed Avalerem Tables'!AB138+'Detailed Avalerem Tables'!AB186+'Detailed Avalerem Tables'!AB234+'Detailed Avalerem Tables'!BD41+'Detailed Avalerem Tables'!BD90+'Detailed Avalerem Tables'!BD138+'Detailed Avalerem Tables'!BD186+'Detailed Avalerem Tables'!BD234+'Detailed Avalerem Tables'!CF41+'Detailed Avalerem Tables'!CF90+'Detailed Avalerem Tables'!CF138+'Detailed Avalerem Tables'!CF186+'Detailed Avalerem Tables'!CF234+'Detailed Avalerem Tables'!DH41+'Detailed Avalerem Tables'!DH90+'Detailed Avalerem Tables'!DH138+'Detailed Avalerem Tables'!DH186+'Detailed Avalerem Tables'!DH234+'Detailed Avalerem Tables'!EJ41+'Detailed Avalerem Tables'!EJ90+'Detailed Avalerem Tables'!EJ138+'Detailed Avalerem Tables'!EJ186+'Detailed Avalerem Tables'!EJ234)/25 -> 30.624959 | J43: 4 | K43: =$L$5*C43 -> 66.284029 | L43: =$L$5*D43 -> 63.009127 | M43: =$L$5*E43 -> 62.980737 | N43: =$L$5*F43 -> 61.622771 | O43: =$L$5*G43 -> 61.249918 | R43: 4 | S43: =$T$5*C43 -> 49.713022 | T43: =$T$5*D43 -> 47.256846 | U43: =$T$5*E43 -> 47.235553 | V43: =$T$5*F43 -> 46.217078 | W43: =$T$5*G43 -> 45.937439 | Z43: 4 | AA43: =$AB$5*C43 -> 39.770417 | AB43: =$AB$5*D43 -> 37.805476 | AC43: =$AB$5*E43 -> 37.788442 | AD43: =$AB$5*F43 -> 36.973663 | AE43: =$AB$5*G43 -> 36.749951 | AH43: 4 | AI43: =$AJ$5*C43 -> 33.142015 | AJ43: =$AJ$5*D43 -> 31.504564 | AK43: =$AJ$5*E43 -> 31.490369 | AL43: =$AJ$5*F43 -> 30.811386 | AM43: =$AJ$5*G43 -> 30.624959
B44: 5 | C44: =('Detailed Avalerem Tables'!X42+'Detailed Avalerem Tables'!X91+'Detailed Avalerem Tables'!X139+'Detailed Avalerem Tables'!X187+'Detailed Avalerem Tables'!X235+'Detailed Avalerem Tables'!AZ42+'Detailed Avalerem Tables'!AZ91+'Detailed Avalerem Tables'!AZ139+'Detailed Avalerem Tables'!AZ187+'Detailed Avalerem Tables'!AZ235+'Detailed Avalerem Tables'!CB42+'Detailed Avalerem Tables'!CB91+'Detailed Avalerem Tables'!CB139+'Detailed Avalerem Tables'!CB187+'Detailed Avalerem Tables'!CB235+'Detailed Avalerem Tables'!DD42+'Detailed Avalerem Tables'!DD91+'Detailed Avalerem Tables'!DD139+'Detailed Avalerem Tables'!DD187+'Detailed Avalerem Tables'!DD235+'Detailed Avalerem Tables'!EF42+'Detailed Avalerem Tables'!EF91+'Detailed Avalerem Tables'!EF139+'Detailed Avalerem Tables'!EF187+'Detailed Avalerem Tables'!EF235)/25 -> 31.849172 | D44: =('Detailed Avalerem Tables'!Y42+'Detailed Avalerem Tables'!Y91+'Detailed Avalerem Tables'!Y139+'Detailed Avalerem Tables'!Y187+'Detailed Avalerem Tables'!Y235+'Detailed Avalerem Tables'!BA42+'Detailed Avalerem Tables'!BA91+'Detailed Avalerem Tables'!BA139+'Detailed Avalerem Tables'!BA187+'Detailed Avalerem Tables'!BA235+'Detailed Avalerem Tables'!CC42+'Detailed Avalerem Tables'!CC91+'Detailed Avalerem Tables'!CC139+'Detailed Avalerem Tables'!CC187+'Detailed Avalerem Tables'!CC235+'Detailed Avalerem Tables'!DE42+'Detailed Avalerem Tables'!DE91+'Detailed Avalerem Tables'!DE139+'Detailed Avalerem Tables'!DE187+'Detailed Avalerem Tables'!DE235+'Detailed Avalerem Tables'!EG42+'Detailed Avalerem Tables'!EG91+'Detailed Avalerem Tables'!EG139+'Detailed Avalerem Tables'!EG187+'Detailed Avalerem Tables'!EG235)/25 -> 30.222749 | E44: =('Detailed Avalerem Tables'!Z42+'Detailed Avalerem Tables'!Z91+'Detailed Avalerem Tables'!Z139+'Detailed Avalerem Tables'!Z187+'Detailed Avalerem Tables'!Z235+'Detailed Avalerem Tables'!BB42+'Detailed Avalerem Tables'!BB91+'Detailed Avalerem Tables'!BB139+'Detailed Avalerem Tables'!BB187+'Detailed Avalerem Tables'!BB235+'Detailed Avalerem Tables'!CD42+'Detailed Avalerem Tables'!CD91+'Detailed Avalerem Tables'!CD139+'Detailed Avalerem Tables'!CD187+'Detailed Avalerem Tables'!CD235+'Detailed Avalerem Tables'!DF42+'Detailed Avalerem Tables'!DF91+'Detailed Avalerem Tables'!DF139+'Detailed Avalerem Tables'!DF187+'Detailed Avalerem Tables'!DF235+'Detailed Avalerem Tables'!EH42+'Detailed Avalerem Tables'!EH91+'Detailed Avalerem Tables'!EH139+'Detailed Avalerem Tables'!EH187+'Detailed Avalerem Tables'!EH235)/25 -> 30.249436 | F44: =('Detailed Avalerem Tables'!AA42+'Detailed Avalerem Tables'!AA91+'Detailed Avalerem Tables'!AA139+'Detailed Avalerem Tables'!AA187+'Detailed Avalerem Tables'!AA235+'Detailed Avalerem Tables'!BC42+'Detailed Avalerem Tables'!BC91+'Detailed Avalerem Tables'!BC139+'Detailed Avalerem Tables'!BC187+'Detailed Avalerem Tables'!BC235+'Detailed Avalerem Tables'!CE42+'Detailed Avalerem Tables'!CE91+'Detailed Avalerem Tables'!CE139+'Detailed Avalerem Tables'!CE187+'Detailed Avalerem Tables'!CE235+'Detailed Avalerem Tables'!DG42+'Detailed Avalerem Tables'!DG91+'Detailed Avalerem Tables'!DG139+'Detailed Avalerem Tables'!DG187+'Detailed Avalerem Tables'!DG235+'Detailed Avalerem Tables'!EI42+'Detailed Avalerem Tables'!EI91+'Detailed Avalerem Tables'!EI139+'Detailed Avalerem Tables'!EI187+'Detailed Avalerem Tables'!EI235)/25 -> 29.551266 | G44: =('Detailed Avalerem Tables'!AB42+'Detailed Avalerem Tables'!AB91+'Detailed Avalerem Tables'!AB139+'Detailed Avalerem Tables'!AB187+'Detailed Avalerem Tables'!AB235+'Detailed Avalerem Tables'!BD42+'Detailed Avalerem Tables'!BD91+'Detailed Avalerem Tables'!BD139+'Detailed Avalerem Tables'!BD187+'Detailed Avalerem Tables'!BD235+'Detailed Avalerem Tables'!CF42+'Detailed Avalerem Tables'!CF91+'Detailed Avalerem Tables'!CF139+'Detailed Avalerem Tables'!CF187+'Detailed Avalerem Tables'!CF235+'Detailed Avalerem Tables'!DH42+'Detailed Avalerem Tables'!DH91+'Detailed Avalerem Tables'!DH139+'Detailed Avalerem Tables'!DH187+'Detailed Avalerem Tables'!DH235+'Detailed Avalerem Tables'!EJ42+'Detailed Avalerem Tables'!EJ91+'Detailed Avalerem Tables'!EJ139+'Detailed Avalerem Tables'!EJ187+'Detailed Avalerem Tables'!EJ235)/25 -> 29.303635 | J44: 5 | K44: =$L$5*C44 -> 63.698344 | L44: =$L$5*D44 -> 60.445498 | M44: =$L$5*E44 -> 60.498873 | N44: =$L$5*F44 -> 59.102533 | O44: =$L$5*G44 -> 58.60727 | R44: 5 | S44: =$T$5*C44 -> 47.773758 | T44: =$T$5*D44 -> 45.334124 | U44: =$T$5*E44 -> 45.374154 | V44: =$T$5*F44 -> 44.326899 | W44: =$T$5*G44 -> 43.955453 | Z44: 5 | AA44: =$AB$5*C44 -> 38.219007 | AB44: =$AB$5*D44 -> 36.267299 | AC44: =$AB$5*E44 -> 36.299324 | AD44: =$AB$5*F44 -> 35.46152 | AE44: =$AB$5*G44 -> 35.164362 | AH44: 5 | AI44: =$AJ$5*C44 -> 31.849172 | AJ44: =$AJ$5*D44 -> 30.222749 | AK44: =$AJ$5*E44 -> 30.249436 | AL44: =$AJ$5*F44 -> 29.551266 | AM44: =$AJ$5*G44 -> 29.303635
B45: 6 | C45: =('Detailed Avalerem Tables'!X43+'Detailed Avalerem Tables'!X92+'Detailed Avalerem Tables'!X140+'Detailed Avalerem Tables'!X188+'Detailed Avalerem Tables'!X236+'Detailed Avalerem Tables'!AZ43+'Detailed Avalerem Tables'!AZ92+'Detailed Avalerem Tables'!AZ140+'Detailed Avalerem Tables'!AZ188+'Detailed Avalerem Tables'!AZ236+'Detailed Avalerem Tables'!CB43+'Detailed Avalerem Tables'!CB92+'Detailed Avalerem Tables'!CB140+'Detailed Avalerem Tables'!CB188+'Detailed Avalerem Tables'!CB236+'Detailed Avalerem Tables'!DD43+'Detailed Avalerem Tables'!DD92+'Detailed Avalerem Tables'!DD140+'Detailed Avalerem Tables'!DD188+'Detailed Avalerem Tables'!DD236+'Detailed Avalerem Tables'!EF43+'Detailed Avalerem Tables'!EF92+'Detailed Avalerem Tables'!EF140+'Detailed Avalerem Tables'!EF188+'Detailed Avalerem Tables'!EF236)/25 -> 30.55633 | D45: =('Detailed Avalerem Tables'!Y43+'Detailed Avalerem Tables'!Y92+'Detailed Avalerem Tables'!Y140+'Detailed Avalerem Tables'!Y188+'Detailed Avalerem Tables'!Y236+'Detailed Avalerem Tables'!BA43+'Detailed Avalerem Tables'!BA92+'Detailed Avalerem Tables'!BA140+'Detailed Avalerem Tables'!BA188+'Detailed Avalerem Tables'!BA236+'Detailed Avalerem Tables'!CC43+'Detailed Avalerem Tables'!CC92+'Detailed Avalerem Tables'!CC140+'Detailed Avalerem Tables'!CC188+'Detailed Avalerem Tables'!CC236+'Detailed Avalerem Tables'!DE43+'Detailed Avalerem Tables'!DE92+'Detailed Avalerem Tables'!DE140+'Detailed Avalerem Tables'!DE188+'Detailed Avalerem Tables'!DE236+'Detailed Avalerem Tables'!EG43+'Detailed Avalerem Tables'!EG92+'Detailed Avalerem Tables'!EG140+'Detailed Avalerem Tables'!EG188+'Detailed Avalerem Tables'!EG236)/25 -> 28.940934 | E45: =('Detailed Avalerem Tables'!Z43+'Detailed Avalerem Tables'!Z92+'Detailed Avalerem Tables'!Z140+'Detailed Avalerem Tables'!Z188+'Detailed Avalerem Tables'!Z236+'Detailed Avalerem Tables'!BB43+'Detailed Avalerem Tables'!BB92+'Detailed Avalerem Tables'!BB140+'Detailed Avalerem Tables'!BB188+'Detailed Avalerem Tables'!BB236+'Detailed Avalerem Tables'!CD43+'Detailed Avalerem Tables'!CD92+'Detailed Avalerem Tables'!CD140+'Detailed Avalerem Tables'!CD188+'Detailed Avalerem Tables'!CD236+'Detailed Avalerem Tables'!DF43+'Detailed Avalerem Tables'!DF92+'Detailed Avalerem Tables'!DF140+'Detailed Avalerem Tables'!DF188+'Detailed Avalerem Tables'!DF236+'Detailed Avalerem Tables'!EH43+'Detailed Avalerem Tables'!EH92+'Detailed Avalerem Tables'!EH140+'Detailed Avalerem Tables'!EH188+'Detailed Avalerem Tables'!EH236)/25 -> 29.008504 | F45: =('Detailed Avalerem Tables'!AA43+'Detailed Avalerem Tables'!AA92+'Detailed Avalerem Tables'!AA140+'Detailed Avalerem Tables'!AA188+'Detailed Avalerem Tables'!AA236+'Detailed Avalerem Tables'!BC43+'Detailed Avalerem Tables'!BC92+'Detailed Avalerem Tables'!BC140+'Detailed Avalerem Tables'!BC188+'Detailed Avalerem Tables'!BC236+'Detailed Avalerem Tables'!CE43+'Detailed Avalerem Tables'!CE92+'Detailed Avalerem Tables'!CE140+'Detailed Avalerem Tables'!CE188+'Detailed Avalerem Tables'!CE236+'Detailed Avalerem Tables'!DG43+'Detailed Avalerem Tables'!DG92+'Detailed Avalerem Tables'!DG140+'Detailed Avalerem Tables'!DG188+'Detailed Avalerem Tables'!DG236+'Detailed Avalerem Tables'!EI43+'Detailed Avalerem Tables'!EI92+'Detailed Avalerem Tables'!EI140+'Detailed Avalerem Tables'!EI188+'Detailed Avalerem Tables'!EI236)/25 -> 28.291147 | G45: =('Detailed Avalerem Tables'!AB43+'Detailed Avalerem Tables'!AB92+'Detailed Avalerem Tables'!AB140+'Detailed Avalerem Tables'!AB188+'Detailed Avalerem Tables'!AB236+'Detailed Avalerem Tables'!BD43+'Detailed Avalerem Tables'!BD92+'Detailed Avalerem Tables'!BD140+'Detailed Avalerem Tables'!BD188+'Detailed Avalerem Tables'!BD236+'Detailed Avalerem Tables'!CF43+'Detailed Avalerem Tables'!CF92+'Detailed Avalerem Tables'!CF140+'Detailed Avalerem Tables'!CF188+'Detailed Avalerem Tables'!CF236+'Detailed Avalerem Tables'!DH43+'Detailed Avalerem Tables'!DH92+'Detailed Avalerem Tables'!DH140+'Detailed Avalerem Tables'!DH188+'Detailed Avalerem Tables'!DH236+'Detailed Avalerem Tables'!EJ43+'Detailed Avalerem Tables'!EJ92+'Detailed Avalerem Tables'!EJ140+'Detailed Avalerem Tables'!EJ188+'Detailed Avalerem Tables'!EJ236)/25 -> 27.982311 | J45: 6 | K45: =$L$5*C45 -> 61.112659 | L45: =$L$5*D45 -> 57.881869 | M45: =$L$5*E45 -> 58.017008 | N45: =$L$5*F45 -> 56.582294 | O45: =$L$5*G45 -> 55.964623 | R45: 6 | S45: =$T$5*C45 -> 45.834495 | T45: =$T$5*D45 -> 43.411402 | U45: =$T$5*E45 -> 43.512756 | V45: =$T$5*F45 -> 42.436721 | W45: =$T$5*G45 -> 41.973467 | Z45: 6 | AA45: =$AB$5*C45 -> 36.667596 | AB45: =$AB$5*D45 -> 34.729121 | AC45: =$AB$5*E45 -> 34.810205 | AD45: =$AB$5*F45 -> 33.949376 | AE45: =$AB$5*G45 -> 33.578774 | AH45: 6 | AI45: =$AJ$5*C45 -> 30.55633 | AJ45: =$AJ$5*D45 -> 28.940934 | AK45: =$AJ$5*E45 -> 29.008504 | AL45: =$AJ$5*F45 -> 28.291147 | AM45: =$AJ$5*G45 -> 27.982311
B46: 7 | C46: =('Detailed Avalerem Tables'!X44+'Detailed Avalerem Tables'!X93+'Detailed Avalerem Tables'!X141+'Detailed Avalerem Tables'!X189+'Detailed Avalerem Tables'!X237+'Detailed Avalerem Tables'!AZ44+'Detailed Avalerem Tables'!AZ93+'Detailed Avalerem Tables'!AZ141+'Detailed Avalerem Tables'!AZ189+'Detailed Avalerem Tables'!AZ237+'Detailed Avalerem Tables'!CB44+'Detailed Avalerem Tables'!CB93+'Detailed Avalerem Tables'!CB141+'Detailed Avalerem Tables'!CB189+'Detailed Avalerem Tables'!CB237+'Detailed Avalerem Tables'!DD44+'Detailed Avalerem Tables'!DD93+'Detailed Avalerem Tables'!DD141+'Detailed Avalerem Tables'!DD189+'Detailed Avalerem Tables'!DD237+'Detailed Avalerem Tables'!EF44+'Detailed Avalerem Tables'!EF93+'Detailed Avalerem Tables'!EF141+'Detailed Avalerem Tables'!EF189+'Detailed Avalerem Tables'!EF237)/25 -> 30.55633 | D46: =('Detailed Avalerem Tables'!Y44+'Detailed Avalerem Tables'!Y93+'Detailed Avalerem Tables'!Y141+'Detailed Avalerem Tables'!Y189+'Detailed Avalerem Tables'!Y237+'Detailed Avalerem Tables'!BA44+'Detailed Avalerem Tables'!BA93+'Detailed Avalerem Tables'!BA141+'Detailed Avalerem Tables'!BA189+'Detailed Avalerem Tables'!BA237+'Detailed Avalerem Tables'!CC44+'Detailed Avalerem Tables'!CC93+'Detailed Avalerem Tables'!CC141+'Detailed Avalerem Tables'!CC189+'Detailed Avalerem Tables'!CC237+'Detailed Avalerem Tables'!DE44+'Detailed Avalerem Tables'!DE93+'Detailed Avalerem Tables'!DE141+'Detailed Avalerem Tables'!DE189+'Detailed Avalerem Tables'!DE237+'Detailed Avalerem Tables'!EG44+'Detailed Avalerem Tables'!EG93+'Detailed Avalerem Tables'!EG141+'Detailed Avalerem Tables'!EG189+'Detailed Avalerem Tables'!EG237)/25 -> 28.940934 | E46: =('Detailed Avalerem Tables'!Z44+'Detailed Avalerem Tables'!Z93+'Detailed Avalerem Tables'!Z141+'Detailed Avalerem Tables'!Z189+'Detailed Avalerem Tables'!Z237+'Detailed Avalerem Tables'!BB44+'Detailed Avalerem Tables'!BB93+'Detailed Avalerem Tables'!BB141+'Detailed Avalerem Tables'!BB189+'Detailed Avalerem Tables'!BB237+'Detailed Avalerem Tables'!CD44+'Detailed Avalerem Tables'!CD93+'Detailed Avalerem Tables'!CD141+'Detailed Avalerem Tables'!CD189+'Detailed Avalerem Tables'!CD237+'Detailed Avalerem Tables'!DF44+'Detailed Avalerem Tables'!DF93+'Detailed Avalerem Tables'!DF141+'Detailed Avalerem Tables'!DF189+'Detailed Avalerem Tables'!DF237+'Detailed Avalerem Tables'!EH44+'Detailed Avalerem Tables'!EH93+'Detailed Avalerem Tables'!EH141+'Detailed Avalerem Tables'!EH189+'Detailed Avalerem Tables'!EH237)/25 -> 29.008504 | F46: =('Detailed Avalerem Tables'!AA44+'Detailed Avalerem Tables'!AA93+'Detailed Avalerem Tables'!AA141+'Detailed Avalerem Tables'!AA189+'Detailed Avalerem Tables'!AA237+'Detailed Avalerem Tables'!BC44+'Detailed Avalerem Tables'!BC93+'Detailed Avalerem Tables'!BC141+'Detailed Avalerem Tables'!BC189+'Detailed Avalerem Tables'!BC237+'Detailed Avalerem Tables'!CE44+'Detailed Avalerem Tables'!CE93+'Detailed Avalerem Tables'!CE141+'Detailed Avalerem Tables'!CE189+'Detailed Avalerem Tables'!CE237+'Detailed Avalerem Tables'!DG44+'Detailed Avalerem Tables'!DG93+'Detailed Avalerem Tables'!DG141+'Detailed Avalerem Tables'!DG189+'Detailed Avalerem Tables'!DG237+'Detailed Avalerem Tables'!EI44+'Detailed Avalerem Tables'!EI93+'Detailed Avalerem Tables'!EI141+'Detailed Avalerem Tables'!EI189+'Detailed Avalerem Tables'!EI237)/25 -> 28.291147 | G46: =('Detailed Avalerem Tables'!AB44+'Detailed Avalerem Tables'!AB93+'Detailed Avalerem Tables'!AB141+'Detailed Avalerem Tables'!AB189+'Detailed Avalerem Tables'!AB237+'Detailed Avalerem Tables'!BD44+'Detailed Avalerem Tables'!BD93+'Detailed Avalerem Tables'!BD141+'Detailed Avalerem Tables'!BD189+'Detailed Avalerem Tables'!BD237+'Detailed Avalerem Tables'!CF44+'Detailed Avalerem Tables'!CF93+'Detailed Avalerem Tables'!CF141+'Detailed Avalerem Tables'!CF189+'Detailed Avalerem Tables'!CF237+'Detailed Avalerem Tables'!DH44+'Detailed Avalerem Tables'!DH93+'Detailed Avalerem Tables'!DH141+'Detailed Avalerem Tables'!DH189+'Detailed Avalerem Tables'!DH237+'Detailed Avalerem Tables'!EJ44+'Detailed Avalerem Tables'!EJ93+'Detailed Avalerem Tables'!EJ141+'Detailed Avalerem Tables'!EJ189+'Detailed Avalerem Tables'!EJ237)/25 -> 27.982311 | J46: 7 | K46: =$L$5*C46 -> 61.112659 | L46: =$L$5*D46 -> 57.881869 | M46: =$L$5*E46 -> 58.017008 | N46: =$L$5*F46 -> 56.582294 | O46: =$L$5*G46 -> 55.964623 | R46: 7 | S46: =$T$5*C46 -> 45.834495 | T46: =$T$5*D46 -> 43.411402 | U46: =$T$5*E46 -> 43.512756 | V46: =$T$5*F46 -> 42.436721 | W46: =$T$5*G46 -> 41.973467 | Z46: 7 | AA46: =$AB$5*C46 -> 36.667596 | AB46: =$AB$5*D46 -> 34.729121 | AC46: =$AB$5*E46 -> 34.810205 | AD46: =$AB$5*F46 -> 33.949376 | AE46: =$AB$5*G46 -> 33.578774 | AH46: 7 | AI46: =$AJ$5*C46 -> 30.55633 | AJ46: =$AJ$5*D46 -> 28.940934 | AK46: =$AJ$5*E46 -> 29.008504 | AL46: =$AJ$5*F46 -> 28.291147 | AM46: =$AJ$5*G46 -> 27.982311
B47: 8 | C47: =('Detailed Avalerem Tables'!X45+'Detailed Avalerem Tables'!X94+'Detailed Avalerem Tables'!X142+'Detailed Avalerem Tables'!X190+'Detailed Avalerem Tables'!X238+'Detailed Avalerem Tables'!AZ45+'Detailed Avalerem Tables'!AZ94+'Detailed Avalerem Tables'!AZ142+'Detailed Avalerem Tables'!AZ190+'Detailed Avalerem Tables'!AZ238+'Detailed Avalerem Tables'!CB45+'Detailed Avalerem Tables'!CB94+'Detailed Avalerem Tables'!CB142+'Detailed Avalerem Tables'!CB190+'Detailed Avalerem Tables'!CB238+'Detailed Avalerem Tables'!DD45+'Detailed Avalerem Tables'!DD94+'Detailed Avalerem Tables'!DD142+'Detailed Avalerem Tables'!DD190+'Detailed Avalerem Tables'!DD238+'Detailed Avalerem Tables'!EF45+'Detailed Avalerem Tables'!EF94+'Detailed Avalerem Tables'!EF142+'Detailed Avalerem Tables'!EF190+'Detailed Avalerem Tables'!EF238)/25 -> 31.849172 | D47: =('Detailed Avalerem Tables'!Y45+'Detailed Avalerem Tables'!Y94+'Detailed Avalerem Tables'!Y142+'Detailed Avalerem Tables'!Y190+'Detailed Avalerem Tables'!Y238+'Detailed Avalerem Tables'!BA45+'Detailed Avalerem Tables'!BA94+'Detailed Avalerem Tables'!BA142+'Detailed Avalerem Tables'!BA190+'Detailed Avalerem Tables'!BA238+'Detailed Avalerem Tables'!CC45+'Detailed Avalerem Tables'!CC94+'Detailed Avalerem Tables'!CC142+'Detailed Avalerem Tables'!CC190+'Detailed Avalerem Tables'!CC238+'Detailed Avalerem Tables'!DE45+'Detailed Avalerem Tables'!DE94+'Detailed Avalerem Tables'!DE142+'Detailed Avalerem Tables'!DE190+'Detailed Avalerem Tables'!DE238+'Detailed Avalerem Tables'!EG45+'Detailed Avalerem Tables'!EG94+'Detailed Avalerem Tables'!EG142+'Detailed Avalerem Tables'!EG190+'Detailed Avalerem Tables'!EG238)/25 -> 30.222749 | E47: =('Detailed Avalerem Tables'!Z45+'Detailed Avalerem Tables'!Z94+'Detailed Avalerem Tables'!Z142+'Detailed Avalerem Tables'!Z190+'Detailed Avalerem Tables'!Z238+'Detailed Avalerem Tables'!BB45+'Detailed Avalerem Tables'!BB94+'Detailed Avalerem Tables'!BB142+'Detailed Avalerem Tables'!BB190+'Detailed Avalerem Tables'!BB238+'Detailed Avalerem Tables'!CD45+'Detailed Avalerem Tables'!CD94+'Detailed Avalerem Tables'!CD142+'Detailed Avalerem Tables'!CD190+'Detailed Avalerem Tables'!CD238+'Detailed Avalerem Tables'!DF45+'Detailed Avalerem Tables'!DF94+'Detailed Avalerem Tables'!DF142+'Detailed Avalerem Tables'!DF190+'Detailed Avalerem Tables'!DF238+'Detailed Avalerem Tables'!EH45+'Detailed Avalerem Tables'!EH94+'Detailed Avalerem Tables'!EH142+'Detailed Avalerem Tables'!EH190+'Detailed Avalerem Tables'!EH238)/25 -> 30.249436 | F47: =('Detailed Avalerem Tables'!AA45+'Detailed Avalerem Tables'!AA94+'Detailed Avalerem Tables'!AA142+'Detailed Avalerem Tables'!AA190+'Detailed Avalerem Tables'!AA238+'Detailed Avalerem Tables'!BC45+'Detailed Avalerem Tables'!BC94+'Detailed Avalerem Tables'!BC142+'Detailed Avalerem Tables'!BC190+'Detailed Avalerem Tables'!BC238+'Detailed Avalerem Tables'!CE45+'Detailed Avalerem Tables'!CE94+'Detailed Avalerem Tables'!CE142+'Detailed Avalerem Tables'!CE190+'Detailed Avalerem Tables'!CE238+'Detailed Avalerem Tables'!DG45+'Detailed Avalerem Tables'!DG94+'Detailed Avalerem Tables'!DG142+'Detailed Avalerem Tables'!DG190+'Detailed Avalerem Tables'!DG238+'Detailed Avalerem Tables'!EI45+'Detailed Avalerem Tables'!EI94+'Detailed Avalerem Tables'!EI142+'Detailed Avalerem Tables'!EI190+'Detailed Avalerem Tables'!EI238)/25 -> 29.551266 | G47: =('Detailed Avalerem Tables'!AB45+'Detailed Avalerem Tables'!AB94+'Detailed Avalerem Tables'!AB142+'Detailed Avalerem Tables'!AB190+'Detailed Avalerem Tables'!AB238+'Detailed Avalerem Tables'!BD45+'Detailed Avalerem Tables'!BD94+'Detailed Avalerem Tables'!BD142+'Detailed Avalerem Tables'!BD190+'Detailed Avalerem Tables'!BD238+'Detailed Avalerem Tables'!CF45+'Detailed Avalerem Tables'!CF94+'Detailed Avalerem Tables'!CF142+'Detailed Avalerem Tables'!CF190+'Detailed Avalerem Tables'!CF238+'Detailed Avalerem Tables'!DH45+'Detailed Avalerem Tables'!DH94+'Detailed Avalerem Tables'!DH142+'Detailed Avalerem Tables'!DH190+'Detailed Avalerem Tables'!DH238+'Detailed Avalerem Tables'!EJ45+'Detailed Avalerem Tables'!EJ94+'Detailed Avalerem Tables'!EJ142+'Detailed Avalerem Tables'!EJ190+'Detailed Avalerem Tables'!EJ238)/25 -> 29.303635 | J47: 8 | K47: =$L$5*C47 -> 63.698344 | L47: =$L$5*D47 -> 60.445498 | M47: =$L$5*E47 -> 60.498873 | N47: =$L$5*F47 -> 59.102533 | O47: =$L$5*G47 -> 58.60727 | R47: 8 | S47: =$T$5*C47 -> 47.773758 | T47: =$T$5*D47 -> 45.334124 | U47: =$T$5*E47 -> 45.374154 | V47: =$T$5*F47 -> 44.326899 | W47: =$T$5*G47 -> 43.955453 | Z47: 8 | AA47: =$AB$5*C47 -> 38.219007 | AB47: =$AB$5*D47 -> 36.267299 | AC47: =$AB$5*E47 -> 36.299324 | AD47: =$AB$5*F47 -> 35.46152 | AE47: =$AB$5*G47 -> 35.164362 | AH47: 8 | AI47: =$AJ$5*C47 -> 31.849172 | AJ47: =$AJ$5*D47 -> 30.222749 | AK47: =$AJ$5*E47 -> 30.249436 | AL47: =$AJ$5*F47 -> 29.551266 | AM47: =$AJ$5*G47 -> 29.303635
B48: 9 | C48: =('Detailed Avalerem Tables'!X46+'Detailed Avalerem Tables'!X95+'Detailed Avalerem Tables'!X143+'Detailed Avalerem Tables'!X191+'Detailed Avalerem Tables'!X239+'Detailed Avalerem Tables'!AZ46+'Detailed Avalerem Tables'!AZ95+'Detailed Avalerem Tables'!AZ143+'Detailed Avalerem Tables'!AZ191+'Detailed Avalerem Tables'!AZ239+'Detailed Avalerem Tables'!CB46+'Detailed Avalerem Tables'!CB95+'Detailed Avalerem Tables'!CB143+'Detailed Avalerem Tables'!CB191+'Detailed Avalerem Tables'!CB239+'Detailed Avalerem Tables'!DD46+'Detailed Avalerem Tables'!DD95+'Detailed Avalerem Tables'!DD143+'Detailed Avalerem Tables'!DD191+'Detailed Avalerem Tables'!DD239+'Detailed Avalerem Tables'!EF46+'Detailed Avalerem Tables'!EF95+'Detailed Avalerem Tables'!EF143+'Detailed Avalerem Tables'!EF191+'Detailed Avalerem Tables'!EF239)/25 -> 33.142015 | D48: =('Detailed Avalerem Tables'!Y46+'Detailed Avalerem Tables'!Y95+'Detailed Avalerem Tables'!Y143+'Detailed Avalerem Tables'!Y191+'Detailed Avalerem Tables'!Y239+'Detailed Avalerem Tables'!BA46+'Detailed Avalerem Tables'!BA95+'Detailed Avalerem Tables'!BA143+'Detailed Avalerem Tables'!BA191+'Detailed Avalerem Tables'!BA239+'Detailed Avalerem Tables'!CC46+'Detailed Avalerem Tables'!CC95+'Detailed Avalerem Tables'!CC143+'Detailed Avalerem Tables'!CC191+'Detailed Avalerem Tables'!CC239+'Detailed Avalerem Tables'!DE46+'Detailed Avalerem Tables'!DE95+'Detailed Avalerem Tables'!DE143+'Detailed Avalerem Tables'!DE191+'Detailed Avalerem Tables'!DE239+'Detailed Avalerem Tables'!EG46+'Detailed Avalerem Tables'!EG95+'Detailed Avalerem Tables'!EG143+'Detailed Avalerem Tables'!EG191+'Detailed Avalerem Tables'!EG239)/25 -> 31.504564 | E48: =('Detailed Avalerem Tables'!Z46+'Detailed Avalerem Tables'!Z95+'Detailed Avalerem Tables'!Z143+'Detailed Avalerem Tables'!Z191+'Detailed Avalerem Tables'!Z239+'Detailed Avalerem Tables'!BB46+'Detailed Avalerem Tables'!BB95+'Detailed Avalerem Tables'!BB143+'Detailed Avalerem Tables'!BB191+'Detailed Avalerem Tables'!BB239+'Detailed Avalerem Tables'!CD46+'Detailed Avalerem Tables'!CD95+'Detailed Avalerem Tables'!CD143+'Detailed Avalerem Tables'!CD191+'Detailed Avalerem Tables'!CD239+'Detailed Avalerem Tables'!DF46+'Detailed Avalerem Tables'!DF95+'Detailed Avalerem Tables'!DF143+'Detailed Avalerem Tables'!DF191+'Detailed Avalerem Tables'!DF239+'Detailed Avalerem Tables'!EH46+'Detailed Avalerem Tables'!EH95+'Detailed Avalerem Tables'!EH143+'Detailed Avalerem Tables'!EH191+'Detailed Avalerem Tables'!EH239)/25 -> 31.490369 | F48: =('Detailed Avalerem Tables'!AA46+'Detailed Avalerem Tables'!AA95+'Detailed Avalerem Tables'!AA143+'Detailed Avalerem Tables'!AA191+'Detailed Avalerem Tables'!AA239+'Detailed Avalerem Tables'!BC46+'Detailed Avalerem Tables'!BC95+'Detailed Avalerem Tables'!BC143+'Detailed Avalerem Tables'!BC191+'Detailed Avalerem Tables'!BC239+'Detailed Avalerem Tables'!CE46+'Detailed Avalerem Tables'!CE95+'Detailed Avalerem Tables'!CE143+'Detailed Avalerem Tables'!CE191+'Detailed Avalerem Tables'!CE239+'Detailed Avalerem Tables'!DG46+'Detailed Avalerem Tables'!DG95+'Detailed Avalerem Tables'!DG143+'Detailed Avalerem Tables'!DG191+'Detailed Avalerem Tables'!DG239+'Detailed Avalerem Tables'!EI46+'Detailed Avalerem Tables'!EI95+'Detailed Avalerem Tables'!EI143+'Detailed Avalerem Tables'!EI191+'Detailed Avalerem Tables'!EI239)/25 -> 30.811386 | G48: =('Detailed Avalerem Tables'!AB46+'Detailed Avalerem Tables'!AB95+'Detailed Avalerem Tables'!AB143+'Detailed Avalerem Tables'!AB191+'Detailed Avalerem Tables'!AB239+'Detailed Avalerem Tables'!BD46+'Detailed Avalerem Tables'!BD95+'Detailed Avalerem Tables'!BD143+'Detailed Avalerem Tables'!BD191+'Detailed Avalerem Tables'!BD239+'Detailed Avalerem Tables'!CF46+'Detailed Avalerem Tables'!CF95+'Detailed Avalerem Tables'!CF143+'Detailed Avalerem Tables'!CF191+'Detailed Avalerem Tables'!CF239+'Detailed Avalerem Tables'!DH46+'Detailed Avalerem Tables'!DH95+'Detailed Avalerem Tables'!DH143+'Detailed Avalerem Tables'!DH191+'Detailed Avalerem Tables'!DH239+'Detailed Avalerem Tables'!EJ46+'Detailed Avalerem Tables'!EJ95+'Detailed Avalerem Tables'!EJ143+'Detailed Avalerem Tables'!EJ191+'Detailed Avalerem Tables'!EJ239)/25 -> 30.624959 | J48: 9 | K48: =$L$5*C48 -> 66.284029 | L48: =$L$5*D48 -> 63.009127 | M48: =$L$5*E48 -> 62.980737 | N48: =$L$5*F48 -> 61.622771 | O48: =$L$5*G48 -> 61.249918 | R48: 9 | S48: =$T$5*C48 -> 49.713022 | T48: =$T$5*D48 -> 47.256846 | U48: =$T$5*E48 -> 47.235553 | V48: =$T$5*F48 -> 46.217078 | W48: =$T$5*G48 -> 45.937439 | Z48: 9 | AA48: =$AB$5*C48 -> 39.770417 | AB48: =$AB$5*D48 -> 37.805476 | AC48: =$AB$5*E48 -> 37.788442 | AD48: =$AB$5*F48 -> 36.973663 | AE48: =$AB$5*G48 -> 36.749951 | AH48: 9 | AI48: =$AJ$5*C48 -> 33.142015 | AJ48: =$AJ$5*D48 -> 31.504564 | AK48: =$AJ$5*E48 -> 31.490369 | AL48: =$AJ$5*F48 -> 30.811386 | AM48: =$AJ$5*G48 -> 30.624959
B49: 10 | C49: =('Detailed Avalerem Tables'!X47+'Detailed Avalerem Tables'!X96+'Detailed Avalerem Tables'!X144+'Detailed Avalerem Tables'!X192+'Detailed Avalerem Tables'!X240+'Detailed Avalerem Tables'!AZ47+'Detailed Avalerem Tables'!AZ96+'Detailed Avalerem Tables'!AZ144+'Detailed Avalerem Tables'!AZ192+'Detailed Avalerem Tables'!AZ240+'Detailed Avalerem Tables'!CB47+'Detailed Avalerem Tables'!CB96+'Detailed Avalerem Tables'!CB144+'Detailed Avalerem Tables'!CB192+'Detailed Avalerem Tables'!CB240+'Detailed Avalerem Tables'!DD47+'Detailed Avalerem Tables'!DD96+'Detailed Avalerem Tables'!DD144+'Detailed Avalerem Tables'!DD192+'Detailed Avalerem Tables'!DD240+'Detailed Avalerem Tables'!EF47+'Detailed Avalerem Tables'!EF96+'Detailed Avalerem Tables'!EF144+'Detailed Avalerem Tables'!EF192+'Detailed Avalerem Tables'!EF240)/25 -> 33.142015 | D49: =('Detailed Avalerem Tables'!Y47+'Detailed Avalerem Tables'!Y96+'Detailed Avalerem Tables'!Y144+'Detailed Avalerem Tables'!Y192+'Detailed Avalerem Tables'!Y240+'Detailed Avalerem Tables'!BA47+'Detailed Avalerem Tables'!BA96+'Detailed Avalerem Tables'!BA144+'Detailed Avalerem Tables'!BA192+'Detailed Avalerem Tables'!BA240+'Detailed Avalerem Tables'!CC47+'Detailed Avalerem Tables'!CC96+'Detailed Avalerem Tables'!CC144+'Detailed Avalerem Tables'!CC192+'Detailed Avalerem Tables'!CC240+'Detailed Avalerem Tables'!DE47+'Detailed Avalerem Tables'!DE96+'Detailed Avalerem Tables'!DE144+'Detailed Avalerem Tables'!DE192+'Detailed Avalerem Tables'!DE240+'Detailed Avalerem Tables'!EG47+'Detailed Avalerem Tables'!EG96+'Detailed Avalerem Tables'!EG144+'Detailed Avalerem Tables'!EG192+'Detailed Avalerem Tables'!EG240)/25 -> 31.504564 | E49: =('Detailed Avalerem Tables'!Z47+'Detailed Avalerem Tables'!Z96+'Detailed Avalerem Tables'!Z144+'Detailed Avalerem Tables'!Z192+'Detailed Avalerem Tables'!Z240+'Detailed Avalerem Tables'!BB47+'Detailed Avalerem Tables'!BB96+'Detailed Avalerem Tables'!BB144+'Detailed Avalerem Tables'!BB192+'Detailed Avalerem Tables'!BB240+'Detailed Avalerem Tables'!CD47+'Detailed Avalerem Tables'!CD96+'Detailed Avalerem Tables'!CD144+'Detailed Avalerem Tables'!CD192+'Detailed Avalerem Tables'!CD240+'Detailed Avalerem Tables'!DF47+'Detailed Avalerem Tables'!DF96+'Detailed Avalerem Tables'!DF144+'Detailed Avalerem Tables'!DF192+'Detailed Avalerem Tables'!DF240+'Detailed Avalerem Tables'!EH47+'Detailed Avalerem Tables'!EH96+'Detailed Avalerem Tables'!EH144+'Detailed Avalerem Tables'!EH192+'Detailed Avalerem Tables'!EH240)/25 -> 31.490369 | F49: =('Detailed Avalerem Tables'!AA47+'Detailed Avalerem Tables'!AA96+'Detailed Avalerem Tables'!AA144+'Detailed Avalerem Tables'!AA192+'Detailed Avalerem Tables'!AA240+'Detailed Avalerem Tables'!BC47+'Detailed Avalerem Tables'!BC96+'Detailed Avalerem Tables'!BC144+'Detailed Avalerem Tables'!BC192+'Detailed Avalerem Tables'!BC240+'Detailed Avalerem Tables'!CE47+'Detailed Avalerem Tables'!CE96+'Detailed Avalerem Tables'!CE144+'Detailed Avalerem Tables'!CE192+'Detailed Avalerem Tables'!CE240+'Detailed Avalerem Tables'!DG47+'Detailed Avalerem Tables'!DG96+'Detailed Avalerem Tables'!DG144+'Detailed Avalerem Tables'!DG192+'Detailed Avalerem Tables'!DG240+'Detailed Avalerem Tables'!EI47+'Detailed Avalerem Tables'!EI96+'Detailed Avalerem Tables'!EI144+'Detailed Avalerem Tables'!EI192+'Detailed Avalerem Tables'!EI240)/25 -> 30.811386 | G49: =('Detailed Avalerem Tables'!AB47+'Detailed Avalerem Tables'!AB96+'Detailed Avalerem Tables'!AB144+'Detailed Avalerem Tables'!AB192+'Detailed Avalerem Tables'!AB240+'Detailed Avalerem Tables'!BD47+'Detailed Avalerem Tables'!BD96+'Detailed Avalerem Tables'!BD144+'Detailed Avalerem Tables'!BD192+'Detailed Avalerem Tables'!BD240+'Detailed Avalerem Tables'!CF47+'Detailed Avalerem Tables'!CF96+'Detailed Avalerem Tables'!CF144+'Detailed Avalerem Tables'!CF192+'Detailed Avalerem Tables'!CF240+'Detailed Avalerem Tables'!DH47+'Detailed Avalerem Tables'!DH96+'Detailed Avalerem Tables'!DH144+'Detailed Avalerem Tables'!DH192+'Detailed Avalerem Tables'!DH240+'Detailed Avalerem Tables'!EJ47+'Detailed Avalerem Tables'!EJ96+'Detailed Avalerem Tables'!EJ144+'Detailed Avalerem Tables'!EJ192+'Detailed Avalerem Tables'!EJ240)/25 -> 30.624959 | J49: 10 | K49: =$L$5*C49 -> 66.284029 | L49: =$L$5*D49 -> 63.009127 | M49: =$L$5*E49 -> 62.980737 | N49: =$L$5*F49 -> 61.622771 | O49: =$L$5*G49 -> 61.249918 | R49: 10 | S49: =$T$5*C49 -> 49.713022 | T49: =$T$5*D49 -> 47.256846 | U49: =$T$5*E49 -> 47.235553 | V49: =$T$5*F49 -> 46.217078 | W49: =$T$5*G49 -> 45.937439 | Z49: 10 | AA49: =$AB$5*C49 -> 39.770417 | AB49: =$AB$5*D49 -> 37.805476 | AC49: =$AB$5*E49 -> 37.788442 | AD49: =$AB$5*F49 -> 36.973663 | AE49: =$AB$5*G49 -> 36.749951 | AH49: 10 | AI49: =$AJ$5*C49 -> 33.142015 | AJ49: =$AJ$5*D49 -> 31.504564 | AK49: =$AJ$5*E49 -> 31.490369 | AL49: =$AJ$5*F49 -> 30.811386 | AM49: =$AJ$5*G49 -> 30.624959
B50: 11 | C50: =('Detailed Avalerem Tables'!X48+'Detailed Avalerem Tables'!X97+'Detailed Avalerem Tables'!X145+'Detailed Avalerem Tables'!X193+'Detailed Avalerem Tables'!X241+'Detailed Avalerem Tables'!AZ48+'Detailed Avalerem Tables'!AZ97+'Detailed Avalerem Tables'!AZ145+'Detailed Avalerem Tables'!AZ193+'Detailed Avalerem Tables'!AZ241+'Detailed Avalerem Tables'!CB48+'Detailed Avalerem Tables'!CB97+'Detailed Avalerem Tables'!CB145+'Detailed Avalerem Tables'!CB193+'Detailed Avalerem Tables'!CB241+'Detailed Avalerem Tables'!DD48+'Detailed Avalerem Tables'!DD97+'Detailed Avalerem Tables'!DD145+'Detailed Avalerem Tables'!DD193+'Detailed Avalerem Tables'!DD241+'Detailed Avalerem Tables'!EF48+'Detailed Avalerem Tables'!EF97+'Detailed Avalerem Tables'!EF145+'Detailed Avalerem Tables'!EF193+'Detailed Avalerem Tables'!EF241)/25 -> 31.849172 | D50: =('Detailed Avalerem Tables'!Y48+'Detailed Avalerem Tables'!Y97+'Detailed Avalerem Tables'!Y145+'Detailed Avalerem Tables'!Y193+'Detailed Avalerem Tables'!Y241+'Detailed Avalerem Tables'!BA48+'Detailed Avalerem Tables'!BA97+'Detailed Avalerem Tables'!BA145+'Detailed Avalerem Tables'!BA193+'Detailed Avalerem Tables'!BA241+'Detailed Avalerem Tables'!CC48+'Detailed Avalerem Tables'!CC97+'Detailed Avalerem Tables'!CC145+'Detailed Avalerem Tables'!CC193+'Detailed Avalerem Tables'!CC241+'Detailed Avalerem Tables'!DE48+'Detailed Avalerem Tables'!DE97+'Detailed Avalerem Tables'!DE145+'Detailed Avalerem Tables'!DE193+'Detailed Avalerem Tables'!DE241+'Detailed Avalerem Tables'!EG48+'Detailed Avalerem Tables'!EG97+'Detailed Avalerem Tables'!EG145+'Detailed Avalerem Tables'!EG193+'Detailed Avalerem Tables'!EG241)/25 -> 30.222749 | E50: =('Detailed Avalerem Tables'!Z48+'Detailed Avalerem Tables'!Z97+'Detailed Avalerem Tables'!Z145+'Detailed Avalerem Tables'!Z193+'Detailed Avalerem Tables'!Z241+'Detailed Avalerem Tables'!BB48+'Detailed Avalerem Tables'!BB97+'Detailed Avalerem Tables'!BB145+'Detailed Avalerem Tables'!BB193+'Detailed Avalerem Tables'!BB241+'Detailed Avalerem Tables'!CD48+'Detailed Avalerem Tables'!CD97+'Detailed Avalerem Tables'!CD145+'Detailed Avalerem Tables'!CD193+'Detailed Avalerem Tables'!CD241+'Detailed Avalerem Tables'!DF48+'Detailed Avalerem Tables'!DF97+'Detailed Avalerem Tables'!DF145+'Detailed Avalerem Tables'!DF193+'Detailed Avalerem Tables'!DF241+'Detailed Avalerem Tables'!EH48+'Detailed Avalerem Tables'!EH97+'Detailed Avalerem Tables'!EH145+'Detailed Avalerem Tables'!EH193+'Detailed Avalerem Tables'!EH241)/25 -> 30.249436 | F50: =('Detailed Avalerem Tables'!AA48+'Detailed Avalerem Tables'!AA97+'Detailed Avalerem Tables'!AA145+'Detailed Avalerem Tables'!AA193+'Detailed Avalerem Tables'!AA241+'Detailed Avalerem Tables'!BC48+'Detailed Avalerem Tables'!BC97+'Detailed Avalerem Tables'!BC145+'Detailed Avalerem Tables'!BC193+'Detailed Avalerem Tables'!BC241+'Detailed Avalerem Tables'!CE48+'Detailed Avalerem Tables'!CE97+'Detailed Avalerem Tables'!CE145+'Detailed Avalerem Tables'!CE193+'Detailed Avalerem Tables'!CE241+'Detailed Avalerem Tables'!DG48+'Detailed Avalerem Tables'!DG97+'Detailed Avalerem Tables'!DG145+'Detailed Avalerem Tables'!DG193+'Detailed Avalerem Tables'!DG241+'Detailed Avalerem Tables'!EI48+'Detailed Avalerem Tables'!EI97+'Detailed Avalerem Tables'!EI145+'Detailed Avalerem Tables'!EI193+'Detailed Avalerem Tables'!EI241)/25 -> 29.551266 | G50: =('Detailed Avalerem Tables'!AB48+'Detailed Avalerem Tables'!AB97+'Detailed Avalerem Tables'!AB145+'Detailed Avalerem Tables'!AB193+'Detailed Avalerem Tables'!AB241+'Detailed Avalerem Tables'!BD48+'Detailed Avalerem Tables'!BD97+'Detailed Avalerem Tables'!BD145+'Detailed Avalerem Tables'!BD193+'Detailed Avalerem Tables'!BD241+'Detailed Avalerem Tables'!CF48+'Detailed Avalerem Tables'!CF97+'Detailed Avalerem Tables'!CF145+'Detailed Avalerem Tables'!CF193+'Detailed Avalerem Tables'!CF241+'Detailed Avalerem Tables'!DH48+'Detailed Avalerem Tables'!DH97+'Detailed Avalerem Tables'!DH145+'Detailed Avalerem Tables'!DH193+'Detailed Avalerem Tables'!DH241+'Detailed Avalerem Tables'!EJ48+'Detailed Avalerem Tables'!EJ97+'Detailed Avalerem Tables'!EJ145+'Detailed Avalerem Tables'!EJ193+'Detailed Avalerem Tables'!EJ241)/25 -> 29.303635 | J50: 11 | K50: =$L$5*C50 -> 63.698344 | L50: =$L$5*D50 -> 60.445498 | M50: =$L$5*E50 -> 60.498873 | N50: =$L$5*F50 -> 59.102533 | O50: =$L$5*G50 -> 58.60727 | R50: 11 | S50: =$T$5*C50 -> 47.773758 | T50: =$T$5*D50 -> 45.334124 | U50: =$T$5*E50 -> 45.374154 | V50: =$T$5*F50 -> 44.326899 | W50: =$T$5*G50 -> 43.955453 | Z50: 11 | AA50: =$AB$5*C50 -> 38.219007 | AB50: =$AB$5*D50 -> 36.267299 | AC50: =$AB$5*E50 -> 36.299324 | AD50: =$AB$5*F50 -> 35.46152 | AE50: =$AB$5*G50 -> 35.164362 | AH50: 11 | AI50: =$AJ$5*C50 -> 31.849172 | AJ50: =$AJ$5*D50 -> 30.222749 | AK50: =$AJ$5*E50 -> 30.249436 | AL50: =$AJ$5*F50 -> 29.551266 | AM50: =$AJ$5*G50 -> 29.303635
B51: 12 | C51: =('Detailed Avalerem Tables'!X49+'Detailed Avalerem Tables'!X98+'Detailed Avalerem Tables'!X146+'Detailed Avalerem Tables'!X194+'Detailed Avalerem Tables'!X242+'Detailed Avalerem Tables'!AZ49+'Detailed Avalerem Tables'!AZ98+'Detailed Avalerem Tables'!AZ146+'Detailed Avalerem Tables'!AZ194+'Detailed Avalerem Tables'!AZ242+'Detailed Avalerem Tables'!CB49+'Detailed Avalerem Tables'!CB98+'Detailed Avalerem Tables'!CB146+'Detailed Avalerem Tables'!CB194+'Detailed Avalerem Tables'!CB242+'Detailed Avalerem Tables'!DD49+'Detailed Avalerem Tables'!DD98+'Detailed Avalerem Tables'!DD146+'Detailed Avalerem Tables'!DD194+'Detailed Avalerem Tables'!DD242+'Detailed Avalerem Tables'!EF49+'Detailed Avalerem Tables'!EF98+'Detailed Avalerem Tables'!EF146+'Detailed Avalerem Tables'!EF194+'Detailed Avalerem Tables'!EF242)/25 -> 30.55633 | D51: =('Detailed Avalerem Tables'!Y49+'Detailed Avalerem Tables'!Y98+'Detailed Avalerem Tables'!Y146+'Detailed Avalerem Tables'!Y194+'Detailed Avalerem Tables'!Y242+'Detailed Avalerem Tables'!BA49+'Detailed Avalerem Tables'!BA98+'Detailed Avalerem Tables'!BA146+'Detailed Avalerem Tables'!BA194+'Detailed Avalerem Tables'!BA242+'Detailed Avalerem Tables'!CC49+'Detailed Avalerem Tables'!CC98+'Detailed Avalerem Tables'!CC146+'Detailed Avalerem Tables'!CC194+'Detailed Avalerem Tables'!CC242+'Detailed Avalerem Tables'!DE49+'Detailed Avalerem Tables'!DE98+'Detailed Avalerem Tables'!DE146+'Detailed Avalerem Tables'!DE194+'Detailed Avalerem Tables'!DE242+'Detailed Avalerem Tables'!EG49+'Detailed Avalerem Tables'!EG98+'Detailed Avalerem Tables'!EG146+'Detailed Avalerem Tables'!EG194+'Detailed Avalerem Tables'!EG242)/25 -> 28.940934 | E51: =('Detailed Avalerem Tables'!Z49+'Detailed Avalerem Tables'!Z98+'Detailed Avalerem Tables'!Z146+'Detailed Avalerem Tables'!Z194+'Detailed Avalerem Tables'!Z242+'Detailed Avalerem Tables'!BB49+'Detailed Avalerem Tables'!BB98+'Detailed Avalerem Tables'!BB146+'Detailed Avalerem Tables'!BB194+'Detailed Avalerem Tables'!BB242+'Detailed Avalerem Tables'!CD49+'Detailed Avalerem Tables'!CD98+'Detailed Avalerem Tables'!CD146+'Detailed Avalerem Tables'!CD194+'Detailed Avalerem Tables'!CD242+'Detailed Avalerem Tables'!DF49+'Detailed Avalerem Tables'!DF98+'Detailed Avalerem Tables'!DF146+'Detailed Avalerem Tables'!DF194+'Detailed Avalerem Tables'!DF242+'Detailed Avalerem Tables'!EH49+'Detailed Avalerem Tables'!EH98+'Detailed Avalerem Tables'!EH146+'Detailed Avalerem Tables'!EH194+'Detailed Avalerem Tables'!EH242)/25 -> 29.008504 | F51: =('Detailed Avalerem Tables'!AA49+'Detailed Avalerem Tables'!AA98+'Detailed Avalerem Tables'!AA146+'Detailed Avalerem Tables'!AA194+'Detailed Avalerem Tables'!AA242+'Detailed Avalerem Tables'!BC49+'Detailed Avalerem Tables'!BC98+'Detailed Avalerem Tables'!BC146+'Detailed Avalerem Tables'!BC194+'Detailed Avalerem Tables'!BC242+'Detailed Avalerem Tables'!CE49+'Detailed Avalerem Tables'!CE98+'Detailed Avalerem Tables'!CE146+'Detailed Avalerem Tables'!CE194+'Detailed Avalerem Tables'!CE242+'Detailed Avalerem Tables'!DG49+'Detailed Avalerem Tables'!DG98+'Detailed Avalerem Tables'!DG146+'Detailed Avalerem Tables'!DG194+'Detailed Avalerem Tables'!DG242+'Detailed Avalerem Tables'!EI49+'Detailed Avalerem Tables'!EI98+'Detailed Avalerem Tables'!EI146+'Detailed Avalerem Tables'!EI194+'Detailed Avalerem Tables'!EI242)/25 -> 28.291147 | G51: =('Detailed Avalerem Tables'!AB49+'Detailed Avalerem Tables'!AB98+'Detailed Avalerem Tables'!AB146+'Detailed Avalerem Tables'!AB194+'Detailed Avalerem Tables'!AB242+'Detailed Avalerem Tables'!BD49+'Detailed Avalerem Tables'!BD98+'Detailed Avalerem Tables'!BD146+'Detailed Avalerem Tables'!BD194+'Detailed Avalerem Tables'!BD242+'Detailed Avalerem Tables'!CF49+'Detailed Avalerem Tables'!CF98+'Detailed Avalerem Tables'!CF146+'Detailed Avalerem Tables'!CF194+'Detailed Avalerem Tables'!CF242+'Detailed Avalerem Tables'!DH49+'Detailed Avalerem Tables'!DH98+'Detailed Avalerem Tables'!DH146+'Detailed Avalerem Tables'!DH194+'Detailed Avalerem Tables'!DH242+'Detailed Avalerem Tables'!EJ49+'Detailed Avalerem Tables'!EJ98+'Detailed Avalerem Tables'!EJ146+'Detailed Avalerem Tables'!EJ194+'Detailed Avalerem Tables'!EJ242)/25 -> 27.982311 | J51: 12 | K51: =$L$5*C51 -> 61.112659 | L51: =$L$5*D51 -> 57.881869 | M51: =$L$5*E51 -> 58.017008 | N51: =$L$5*F51 -> 56.582294 | O51: =$L$5*G51 -> 55.964623 | R51: 12 | S51: =$T$5*C51 -> 45.834495 | T51: =$T$5*D51 -> 43.411402 | U51: =$T$5*E51 -> 43.512756 | V51: =$T$5*F51 -> 42.436721 | W51: =$T$5*G51 -> 41.973467 | Z51: 12 | AA51: =$AB$5*C51 -> 36.667596 | AB51: =$AB$5*D51 -> 34.729121 | AC51: =$AB$5*E51 -> 34.810205 | AD51: =$AB$5*F51 -> 33.949376 | AE51: =$AB$5*G51 -> 33.578774 | AH51: 12 | AI51: =$AJ$5*C51 -> 30.55633 | AJ51: =$AJ$5*D51 -> 28.940934 | AK51: =$AJ$5*E51 -> 29.008504 | AL51: =$AJ$5*F51 -> 28.291147 | AM51: =$AJ$5*G51 -> 27.982311

Sheet Master Data
AF5: To delete 15 words
AM6: Abandon | AN6: Atammayata
AF7: Abolish | AG7: duplicate with | AI7: elimination | AM7: Abolish | AN7: Atammayata
AM8: Accelerate | AN8: Anxergy
AM9: Adjust | AN9: Dexterience
AM10: Adopt | AN10: Avalremy
AM11: Allocate | AN11: Dexterience
AM12: Analyse | AN12: Avalremy
AM13: Announce | AN13: Anxergy
AM14: Approve | AN14: Avalremy
AM15: Arrange
AM16: Ask for help | AN16: Special
AF17: Call | AG17: duplicate with | AI17: Follow up | AM17: Call | AN17: Anxergy
AF18: Certify | AG18: duplicate with | AI18: Approve | AM18: Certify | AN18: Avalremy
AM19: Change | AN19: Exdysivity
AM20: Check | AN20: Anxergy
AF21: Close | AG21: duplicate with | AI21: stop | AM21: Close | AN21: Atammayata
AM22: Collaborate | AN22: Avalremy
AM23: Complete | AN23: Avalremy
AM24: Confirm | AN24: Anxergy
AF25: Confirm | AG25: duplicate with | AI25: Double | AM25: Confirm | AN25: Exdysivity
AM26: Create | AN26: Avalremy
AF27: Cultivate | AG27: duplicate with | AI27: Establish | AM27: Cultivate | AN27: Exdysivity
AM28: Declare | AN28: Exdysivity
AM29: Deligate | AN29: Exdysivity
AM30: Design | AN30: Exdysivity
AF31: Decide | AG31: for Atammayata | AM31: Determine | AN31: Avalremy
AM32: Develop | AN32: Dexterience
AM33: Discuss | AN33: Anxergy
AM34: Do it now | AN34: Special
AM35: Don't forget | AN35: Special
AM36: Don't wait | AN36: Special
AM37: Educate | AN37: Exdysivity
AM38: Eliminate | AN38: Exdysivity
AF39: Empower | AG39: duplicate with | AI39: Train | AM39: Empower | AN39: Atammayata
AM40: Encourage | AN40: Atammayata
AF41: Encourage | AG41: duplicate with | AI41: Double | AM41: Encourage | AN41: Exdysivity
AF42: Establish | AG42: duplicate with | AI42: Set up | AM42: Establish | AN42: Atammayata
AM43: Evaluate | AN43: Anxergy
AM44: Examine | AN44: Atammayata
AM45: Explore | AN45: Atammayata
AM46: Facilitate | AN46: Exdysivity
AM47: Feel it | AN47: Special
AF48: Fill up | AG48: change the word to | AI48: Complete | AM48: Fill up | AN48: Avalremy
AM49: Follow up | AN49: Anxergy
AM50: Force | AN50: Atammayata
AM51: Hear it | AN51: Special
AM52: Imagine | AN52: Exdysivity
AM53: Implement | AN53: Dexterience
AM54: Institute | AN54: Dexterience
AM55: Integrate | AN55: Dexterience
AM56: Invest | AN56: Avalremy
AM57: Investigate | AN57: Atammayata
AM58: Invite | AN58: Dexterience
AM59: Involve | AN59: Avalremy
AF60: Join | AG60: duplicate with | AI60: Participate | AM60: Join | AN60: Avalremy
AM61: Jump | AN61: Special
AM62: Justify | AN62: Atammayata
AM63: Keep moving | AN63: Special
AM64: Leave it | AN64: Special
AM65: Listen | AN65: Anxergy
AF66: Manage | AG66: duplicate with | AI66: Perform | AM66: Manage | AN66: Avalremy
AM67: Measure | AN67: Dexterience
AM68: Modify | AN68: Exdysivity
AM69: Monitor | AN69: Anxergy
AF70: Observe | AG70: duplicate with | AI70: Monitor | AM70: Observe | AN70: Anxergy
AM71: Organize | AN71: Avalremy
AM72: Participate | AN72: Avalremy
AM73: Perform | AN73: Avalremy
AM74: Practice | AN74: Dexterience
AM75: Prepare | AN75: Dexterience
AF76: Promote | AG76: duplicate with | AI76: Encourage | AM76: Promote | AN76: Anxergy
AF77: Rehearse | AG77: duplicate with | AI77: Practice | AM77: Rehearse | AN77: Dexterience
AM78: Renovate | AN78: Exdysivity
AM79: Report | AN79: Atammayata
AM80: Respond | AN80: Exdysivity
AM81: Scrutinize | AN81: Exdysivity
AF82: Search | AG82: duplicate with | AI82: Survey | AM82: Search | AN82: Dexterience
AM83: Seek | AN83: Atammayata | AS83: Assign
AM84: Self-force | AN84: Special | AS84: Authorize
AM85: Set up | AN85: Avalremy | AS85: Deligate
AM86: Share | AN86: Anxergy | AS86: Do
AM87: Soldier through | AN87: Special | AS87: Act
AM88: Start | AN88: Dexterience | AS88: Inform
AM89: Stop | AN89: Atammayata | AS89: Tell
AM90: Stop it | AN90: Special
AF91: Support | AG91: duplicate with | AI91: Facilitate | AM91: Support | AN91: Anxergy | AS91: Inform
AM92: Survey | AN92: Dexterience | AS92: Study
AF93: Test | AG93: duplicate with | AI93: Check | AM93: Test | AN93: Exdysivity
AM94: Think twice | AN94: Special
AM95: Train | AN95: Dexterience | AS95: Try understanding
AF96: Understand | AI96: Not an action | AM96: Understand | AN96: Atammayata
AM97: Update | AN97: Anxergy
AM98: Wake up | AN98: Special
AM99: What's next | AN99: Special
AF104: The 25 Key Action Cards
BI105: Warning Cards
AG106: The 5 Principles: | BI106: 00 | BJ106: 1 | BK106: Do it now | BL106: BLACK | BN106: Be decisive and urgent
AM107: Reduce each list to 12 items | BI107: 22 | BJ107: 2 | BK107: Build on strength | BL107: BLACK | BN107: Don't focus on weakness alone
AG108: 1 | AI108: Avalremy | AO108: รูปภาพ | AR108: 3 | AS108: Atammayata | AY108: รูปภาพ | BA108: 5 | BB108: Dexterience | BH108: รูปภาพ | BI108: 33 | BJ108: 3 | BK108: Be very creative | BL108: BLACK | BN108: Think outside and be flexible
...

Sheet Master
K5: To delete 15 words
R6: Abandon | S6: Atammayata
K7: Abolish | L7: duplicate with | N7: elimination | R7: Abolish | S7: Atammayata
R8: Accelerate | S8: Anxergy
R9: Adjust | S9: Dexterience
R10: Adopt | S10: Avalremy
R11: Allocate | S11: Dexterience
R12: Analyse | S12: Avalremy
R13: Announce | S13: Anxergy
R14: Approve | S14: Avalremy
R15: Arrange
R16: Ask for help | S16: Special
K17: Call | L17: duplicate with | N17: Follow up | R17: Call | S17: Anxergy
K18: Certify | L18: duplicate with | N18: Approve | R18: Certify | S18: Avalremy
R19: Change | S19: Exdysivity
R20: Check | S20: Anxergy
K21: Close | L21: duplicate with | N21: stop | R21: Close | S21: Atammayata
R22: Collaborate | S22: Avalremy
R23: Complete | S23: Avalremy
R24: Confirm | S24: Anxergy
K25: Confirm | L25: duplicate with | N25: Double | R25: Confirm | S25: Exdysivity
R26: Create | S26: Avalremy
K27: Cultivate | L27: duplicate with | N27: Establish | R27: Cultivate | S27: Exdysivity
R28: Declare | S28: Exdysivity
R29: Deligate | S29: Exdysivity
R30: Design | S30: Exdysivity
K31: Decide | L31: for Atammayata | R31: Determine | S31: Avalremy
R32: Develop | S32: Dexterience
R33: Discuss | S33: Anxergy
R34: Do it now | S34: Special
R35: Don't forget | S35: Special
R36: Don't wait | S36: Special
R37: Educate | S37: Exdysivity
R38: Eliminate | S38: Exdysivity
K39: Empower | L39: duplicate with | N39: Train | R39: Empower | S39: Atammayata
R40: Encourage | S40: Atammayata
K41: Encourage | L41: duplicate with | N41: Double | R41: Encourage | S41: Exdysivity
K42: Establish | L42: duplicate with | N42: Set up | R42: Establish | S42: Atammayata
R43: Evaluate | S43: Anxergy
R44: Examine | S44: Atammayata
R45: Explore | S45: Atammayata
R46: Facilitate | S46: Exdysivity
R47: Feel it | S47: Special
K48: Fill up | L48: change the word to | N48: Complete | R48: Fill up | S48: Avalremy
R49: Follow up | S49: Anxergy
R50: Force | S50: Atammayata
R51: Hear it | S51: Special
R52: Imagine | S52: Exdysivity
R53: Implement | S53: Dexterience
R54: Institute | S54: Dexterience
R55: Integrate | S55: Dexterience
R56: Invest | S56: Avalremy
R57: Investigate | S57: Atammayata
R58: Invite | S58: Dexterience
R59: Involve | S59: Avalremy
K60: Join | L60: duplicate with | N60: Participate | R60: Join | S60: Avalremy
R61: Jump | S61: Special
R62: Justify | S62: Atammayata
R63: Keep moving | S63: Special
R64: Leave it | S64: Special
R65: Listen | S65: Anxergy
K66: Manage | L66: duplicate with | N66: Perform | R66: Manage | S66: Avalremy
R67: Measure | S67: Dexterience
R68: Modify | S68: Exdysivity
R69: Monitor | S69: Anxergy
K70: Observe | L70: duplicate with | N70: Monitor | R70: Observe | S70: Anxergy
R71: Organize | S71: Avalremy
R72: Participate | S72: Avalremy
R73: Perform | S73: Avalremy
R74: Practice | S74: Dexterience
R75: Prepare | S75: Dexterience
K76: Promote | L76: duplicate with | N76: Encourage | R76: Promote | S76: Anxergy
K77: Rehearse | L77: duplicate with | N77: Practice | R77: Rehearse | S77: Dexterience
R78: Renovate | S78: Exdysivity
R79: Report | S79: Atammayata
R80: Respond | S80: Exdysivity
R81: Scrutinize | S81: Exdysivity
K82: Search | L82: duplicate with | N82: Survey | R82: Search | S82: Dexterience
R83: Seek | S83: Atammayata | X83: Assign
R84: Self-force | S84: Special | X84: Authorize
R85: Set up | S85: Avalremy | X85: Deligate
R86: Share | S86: Anxergy | X86: Do
R87: Soldier through | S87: Special | X87: Act
R88: Start | S88: Dexterience | X88: Inform
R89: Stop | S89: Atammayata | X89: Tell
R90: Stop it | S90: Special
K91: Support | L91: duplicate with | N91: Facilitate | R91: Support | S91: Anxergy | X91: Inform
R92: Survey | S92: Dexterience | X92: Study
K93: Test | L93: duplicate with | N93: Check | R93: Test | S93: Exdysivity
R94: Think twice | S94: Special
R95: Train | S95: Dexterience | X95: Try understanding
K96: Understand | N96: Not an action | R96: Understand | S96: Atammayata
R97: Update | S97: Anxergy
R98: Wake up | S98: Special
R99: What's next | S99: Special
K104: The 25 Key Action Cards
AN105: Warning Cards
L106: The 5 Principles: | AN106: 00 | AO106: 1 | AP106: Do it now | AQ106: BLACK | AS106: Be decisive and urgent
R107: Reduce each list to 12 items | AN107: 22 | AO107: 2 | AP107: Build on strength | AQ107: BLACK | AS107: Don't focus on weakness alone
L108: 1 | N108: Avalremy | T108: รูปภาพ | W108: 3 | X108: Atammayata | AD108: รูปภาพ | AF108: 5 | AG108: Dexterience | AM108: รูปภาพ | AN108: 33 | AO108: 3 | AP108: Be very creative | AQ108: BLACK | AS108: Think outside and be flexible
...

Sheet AI Training Card Value
R5: To delete 15 words
Y6: Abandon | Z6: Atammayata
R7: Abolish | S7: duplicate with | U7: elimination | Y7: Abolish | Z7: Atammayata
Y8: Accelerate | Z8: Anxergy
Y9: Adjust | Z9: Dexterience
Y10: Adopt | Z10: Avalremy
Y11: Allocate | Z11: Dexterience
Y12: Analyse | Z12: Avalremy
Y13: Announce | Z13: Anxergy
Y14: Approve | Z14: Avalremy
Y15: Arrange
Y16: Ask for help | Z16: Special
R17: Call | S17: duplicate with | U17: Follow up | Y17: Call | Z17: Anxergy
R18: Certify | S18: duplicate with | U18: Approve | Y18: Certify | Z18: Avalremy
Y19: Change | Z19: Exdysivity
Y20: Check | Z20: Anxergy
R21: Close | S21: duplicate with | U21: stop | Y21: Close | Z21: Atammayata
Y22: Collaborate | Z22: Avalremy
Y23: Complete | Z23: Avalremy
Y24: Confirm | Z24: Anxergy
R25: Confirm | S25: duplicate with | U25: Double | Y25: Confirm | Z25: Exdysivity
Y26: Create | Z26: Avalremy
R27: Cultivate | S27: duplicate with | U27: Establish | Y27: Cultivate | Z27: Exdysivity
Y28: Declare | Z28: Exdysivity
Y29: Deligate | Z29: Exdysivity
Y30: Design | Z30: Exdysivity
R31: Decide | S31: for Atammayata | Y31: Determine | Z31: Avalremy
Y32: Develop | Z32: Dexterience
Y33: Discuss | Z33: Anxergy
Y34: Do it now | Z34: Special
Y35: Don't forget | Z35: Special
Y36: Don't wait | Z36: Special
Y37: Educate | Z37: Exdysivity
Y38: Eliminate | Z38: Exdysivity
R39: Empower | S39: duplicate with | U39: Train | Y39: Empower | Z39: Atammayata
Y40: Encourage | Z40: Atammayata
R41: Encourage | S41: duplicate with | U41: Double | Y41: Encourage | Z41: Exdysivity
R42: Establish | S42: duplicate with | U42: Set up | Y42: Establish | Z42: Atammayata
Y43: Evaluate | Z43: Anxergy
Y44: Examine | Z44: Atammayata
Y45: Explore | Z45: Atammayata
Y46: Facilitate | Z46: Exdysivity
Y47: Feel it | Z47: Special
R48: Fill up | S48: change the word to | U48: Complete | Y48: Fill up | Z48: Avalremy
Y49: Follow up | Z49: Anxergy
Y50: Force | Z50: Atammayata
Y51: Hear it | Z51: Special
Y52: Imagine | Z52: Exdysivity
Y53: Implement | Z53: Dexterience
Y54: Institute | Z54: Dexterience
Y55: Integrate | Z55: Dexterience
Y56: Invest | Z56: Avalremy
Y57: Investigate | Z57: Atammayata
Y58: Invite | Z58: Dexterience
Y59: Involve | Z59: Avalremy
R60: Join | S60: duplicate with | U60: Participate | Y60: Join | Z60: Avalremy
Y61: Jump | Z61: Special
Y62: Justify | Z62: Atammayata
Y63: Keep moving | Z63: Special
Y64: Leave it | Z64: Special
Y65: Listen | Z65: Anxergy
R66: Manage | S66: duplicate with | U66: Perform | Y66: Manage | Z66: Avalremy
Y67: Measure | Z67: Dexterience
Y68: Modify | Z68: Exdysivity
Y69: Monitor | Z69: Anxergy
R70: Observe | S70: duplicate with | U70: Monitor | Y70: Observe | Z70: Anxergy
Y71: Organize | Z71: Avalremy
Y72: Participate | Z72: Avalremy
Y73: Perform | Z73: Avalremy
Y74: Practice | Z74: Dexterience
Y75: Prepare | Z75: Dexterience
R76: Promote | S76: duplicate with | U76: Encourage | Y76: Promote | Z76: Anxergy
R77: Rehearse | S77: duplicate with | U77: Practice | Y77: Rehearse | Z77: Dexterience
Y78: Renovate | Z78: Exdysivity
Y79: Report | Z79: Atammayata
Y80: Respond | Z80: Exdysivity
Y81: Scrutinize | Z81: Exdysivity
R82: Search | S82: duplicate with | U82: Survey | Y82: Search | Z82: Dexterience
Y83: Seek | Z83: Atammayata | AE83: Assign
Y84: Self-force | Z84: Special | AE84: Authorize
Y85: Set up | Z85: Avalremy | AE85: Deligate
Y86: Share | Z86: Anxergy | AE86: Do
Y87: Soldier through | Z87: Special | AE87: Act
Y88: Start | Z88: Dexterience | AE88: Inform
Y89: Stop | Z89: Atammayata | AE89: Tell
Y90: Stop it | Z90: Special
R91: Support | S91: duplicate with | U91: Facilitate | Y91: Support | Z91: Anxergy | AE91: Inform
Y92: Survey | Z92: Dexterience | AE92: Study
R93: Test | S93: duplicate with | U93: Check | Y93: Test | Z93: Exdysivity
Y94: Think twice | Z94: Special
Y95: Train | Z95: Dexterience | AE95: Try understanding
R96: Understand | U96: Not an action | Y96: Understand | Z96: Atammayata
Y97: Update | Z97: Anxergy
Y98: Wake up | Z98: Special
Y99: What's next | Z99: Special
R104: The 25 Key Action Cards
AU105: Warning Cards
S106: The 5 Principles: | AU106: 00 | AV106: 1 | AW106: Do it now | AX106: BLACK | AZ106: Be decisive and urgent
Y107: Reduce each list to 12 items | AU107: 22 | AV107: 2 | AW107: Build on strength | AX107: BLACK | AZ107: Don't focus on weakness alone
S108: 1 | U108: Avalremy | AA108: รูปภาพ | AD108: 3 | AE108: Atammayata | AK108: รูปภาพ | AM108: 5 | AN108: Dexterience | AT108: รูปภาพ | AU108: 33 | AV108: 3 | AW108: Be very creative | AX108: BLACK | AZ108: Think outside and be flexible
...

Sheet Primary Value
D5: Item | E5: Action Item | F5: Avalrem
D6: 1 | E6: Abandon | F6: =SUMIF(Master!$N$141:$N$260,'Primary Value'!$E6,Master!E$141:E$260) -> 14.635038
D7: 2 | E7: Abolish | F7: =SUMIF(Master!$N$141:$N$260,'Primary Value'!$E7,Master!E$141:E$260) -> 28.940934
D8: 3 | E8: Accelerate | F8: =SUMIF(Master!$N$141:$N$260,'Primary Value'!$E8,Master!E$141:E$260) -> 16.710066
D9: 4 | E9: Act | F9: =SUMIF(Master!$N$141:$N$260,'Primary Value'!$E9,Master!E$141:E$260) -> 30.249436
D10: 5 | E10: Adapt | F10: =SUMIF(Master!$N$141:$N$260,'Primary Value'!$E10,Master!E$141:E$260) -> 15.91818
D11: 6 | E11: Adjust | F11: =SUMIF(Master!$N$141:$N$260,'Primary Value'!$E11,Master!E$141:E$260) -> 30.222749
D12: 7 | E12: Adopt | F12: =SUMIF(Master!$N$141:$N$260,'Primary Value'!$E12,Master!E$141:E$260) -> 15.272685
D13: 8 | E13: Allocate | F13: =SUMIF(Master!$N$141:$N$260,'Primary Value'!$E13,Master!E$141:E$260) -> 15.349914
D14: 9 | E14: Analyze | F14: =SUMIF(Master!$N$141:$N$260,'Primary Value'!$E14,Master!E$141:E$260) -> 14.818997
D15: 10 | E15: Announce | F15: =SUMIF(Master!$N$141:$N$260,'Primary Value'!$E15,Master!E$141:E$260) -> 28.291147
D16: 11 | E16: Approve | F16: =SUMIF(Master!$N$141:$N$260,'Primary Value'!$E16,Master!E$141:E$260) -> 12.628678
D17: 12 | E17: Arrange | F17: =SUMIF(Master!$N$141:$N$260,'Primary Value'!$E17,Master!E$141:E$260) -> 12.931963
... D125: 120 | E125: Warn | F125: =SUMIF(Master!$N$141:$N$260,'Primary Value'!$E125,Master!E$141:E$260) -> 30.55633

Sheet AI-Overview Algorithm
C8: Avalrem = | D8: C
D9: (a - i)
C12: C | D12: Future value of action impacts
C14: a | D14: Time score - lower is better
C16: i | D16: Impact % - higher is better
D22: n
C23: Total Avalrem | D23: #VALUE! | E23: Avalrem i | F23: * | G23: Kdm
D24: i=1
C28: Avalrem = | D28: C
D29: (a - i)
C33: C | D33: Future value of action impact
C35: a | D35: Discount rate of future
C37: i | D37: Impact rate of future consequence
C39: Kdm | D39: Multiplier of Avalrem
J42: C | K42: Future value of action impacts
K43: C.1 | L43: Intrinsic value
J50: a | K50: Discount rate of future
K51: a.1 | L51: Time score - lower is better
J60: i | K60: Impact rate of future consequence
K61: i.1 | L61: Impact % - higher is better

Sheet AI-Example 1
B1: AVALREM FORMULA
C6: n
B7: Total Avalrem | C7: #VALUE! | D7: Avalrem i
C8: i=1
B12: Avalrem = | C12: C
C13: (a - i)
B17: C | C17: Future value of action impact
B19: a | C19: Discount rate of future
B21: i | C21: Impact rate of future consequence
B33: EXAMPLE - 1 | G33: Scale | H33: Meaning | I33: Action-1 | J33: Action-2 | K33: Action-3 | L33: Action-4 | M33: Action-5 | N33: Action-6 | O33: Action-7
B35: c | C35: Action Intrinsic Value | G35: 1.00 - 100.00 | H35: Higher is better | I35: 15 | J35: 30 | K35: 40 | L35: 50 | M35: 70 | N35: 80 | O35: 90
B37: a | C37: Time Impact | G37: 60.00 - 1.00 | H37: Lower is better | I37: 60 | J37: 50 | K37: 40 | L37: 30 | M37: 10 | N37: 5 | O37: 2
B39: i | C39: Degree of Action | G39: 0.1%-99.99% | H39: Higher is better | I39: 0.01 | J39: 0.05 | K39: 0.1 | L39: 0.2 | M39: 0.5 | N39: 0.8 | O39: 0.85
B41: Avalrem = | C41: c | I41: =I35/(I37-I39) -> 0.25004167 | J41: =J35/(J37-J39) -> 0.6006006 | K41: =K35/(K37-K39) -> 1.0025063 | L41: =L35/(L37-L39) -> 1.6778523 | M41: =M35/(M37-M39) -> 7.3684211 | N41: =N35/(N37-N39) -> 19.047619 | O41: =O35/(O37-O39) -> 78.26087
C42: (a - i)
B45: EXAMPLE - 2 | G45: Scale | H45: Meaning | I45: Action-1 | J45: Action-2 | K45: Action-3 | L45: Action-4 | M45: Action-5 | N45: Action-6 | O45: Action-7
B47: C | C47: Action Intrinsic Value | G47: 1.00 - 100.00 | H47: Higher is better | I47: 100 | J47: 85 | K47: 75 | L47: 55 | M47: 45 | N47: 15 | O47: 5
B49: a | C49: Time Impact | G49: 60.00 - 1.00 | H49: Lower is better | I49: 1 | J49: 5 | K49: 10 | L49: 30 | M49: 40 | N49: 50 | O49: 60
B51: i | C51: Degree of Action | G51: 0.1%-99.99% | H51: Higher is better | I51: 0.9999 | J51: 0.85 | K51: 0.75 | L51: 0.55 | M51: 0.35 | N51: 0.15 | O51: 0.05
B53: Avalrem = | C53: c | I53: =I47/(I49-I51) -> 1000000 | J53: =J47/(J49-J51) -> 20.481928 | K53: =K47/(K49-K51) -> 8.1081081 | L53: =L47/(L49-L51) -> 1.8675722 | M53: =M47/(M49-M51) -> 1.1349306 | N53: =N47/(N49-N51) -> 0.30090271 | O53: =O47/(O49-O51) -> 0.083402836
C54: (a - i)
B57: Determination of Action Time Impact
G58: Scale | H58: Meaning | I58: Damage | J58: Serious | K58: Delay | L58: Slow | M58: Waiting | N58: Progress | O58: Best
B60: a | C60: Action Time Impact | G60: 60.00 - 1.00 | H60: Lower is better | I60: 50.01-60.00 | J60: 40.01-50.00 | K60: 30.01-40.00 | L60: 20.01-30.00 | M60: 10.01-20.00 | N60: 5.01-10.00 | O60: 1.00-5.00
B63: Determination of Degree of Action
G64: Scale | H64: Meaning | I64: None | J64: Insufficient | K64: Light | L64: Sufficient | M64: Strong | N64: Heavy | O64: Powerful
B66: i | C66: Degree of Action | G66: 0.1%-99.99% | H66: Higher is better | I66: 0.10%-5.00% | J66: 5.01%-10.00% | K66: 10.01% -20.00% | L66: 20.01%-40.00% | M66: 40.01%-60.00% | N66: 60.01%-80.00% | O66: 80.01%-99.99%

Sheet AI-Knowledge Graph
I11: Question-1 | J11: World
I12: Question-2 | J12: Country | N12: In search of the right valued actions
E13: 12 Big Questions | I13: Question-3 | J13: Society
I15: Question-4 | J15: Business
I16: Question-5 | J16: Organization
I17: Question-6 | J17: Team
I19: Question-7 | J19: Product
I20: Question-8 | J20: Process
I21: Question-9 | J21: Problem
I23: Question-10 | J23: Uncertainty
I24: Question-11 | J24: Completion
I26: Question-12 | J26: Self
Q28: Applying the Kirdomicism principles
F30: Comparing the performance to
F31: answer the question
G36: Calculate the Avalrem | L36: Action taking

Sheet AI-Knowledge Graph 2
I4: 7 Levels of Action Taking
I5: Credibility Level | J5: self | K5: 3rd party
I11: Question-1 | J11: World
I12: Question-2 | J12: Country | N12: In search of the right valued actions
E13: 12 Big Questions | I13: Question-3 | J13: Society
I15: Question-4 | J15: Business
I16: Question-5 | J16: Organization
I17: Question-6 | J17: Team
I19: Question-7 | J19: Product
I20: Question-8 | J20: Process
I21: Question-9 | J21: Problem
I23: Question-10 | J23: Uncertainty
I24: Question-11 | J24: Completion
I26: Question-12 | J26: Self
Q28: Applying the Kirdomicism principles
F30: Comparing the performance to
F31: answer the question
G36: Calculate the Avalrem | L36: Action taking

Sheet Detailed Avalerem Tables
B1: Action Value Generation Formula | AD1: Action Value Generation Formula | BF1: Action Value Generation Formula | CH1: Action Value Generation Formula | DJ1: Action Value Generation Formula
B3: Q | C3: Q | D3: Q | E3: Q | F3: Q | G3: Q | H3: Q | I3: Q | J3: Q | K3: Q | L3: Q | M3: Q | N3: Q | O3: Q | P3: Q | Q3: Q | R3: Q | S3: Q | T3: Q | U3: Q | V3: Q | W3: Q | X3: Q | Y3: Q | Z3: Q | AA3: Q | AB3: Q | AD3: W | AE3: W | AF3: W | AG3: W | AH3: W | AI3: W | AJ3: W | AK3: W | AL3: W | AM3: W | AN3: W | AO3: W | AP3: W | AQ3: W | AR3: W | AS3: W | AT3: W | AU3: W | AV3: W | AW3: W | AX3: W | AY3: W | AZ3: W | BA3: W | BB3: W | BC3: W | BD3: W | BF3: E | BG3: E | BH3: E | BI3: E | BJ3: E | BK3: E | BL3: E | BM3: E | BN3: E | BO3: E | BP3: E | BQ3: E | BR3: E | BS3: E | BT3: E | BU3: E | BV3: E | BW3: E | BX3: E | BY3: E | BZ3: E | CA3: E | CB3: E | CC3: E | CD3: E | CE3: E | CF3: E | CH3: R | CI3: R | CJ3: R | CK3: R | CL3: R | CM3: R | CN3: R | CO3: R | CP3: R | CQ3: R | CR3: R | CS3: R | CT3: R | CU3: R | CV3: R | CW3: R | CX3: R | CY3: R | CZ3: R | DA3: R | DB3: R | DC3: R | DD3: R | DE3: R | DF3: R | DG3: R | DH3: R | DJ3: T | DK3: T | DL3: T | DM3: T | DN3: T | DO3: T | DP3: T | DQ3: T | DR3: T | DS3: T | DT3: T | DU3: T | DV3: T | DW3: T | DX3: T | DY3: T | DZ3: T | EA3: T | EB3: T | EC3: T | ED3: T | EE3: T | EF3: T | EG3: T | EH3: T | EI3: T | EJ3: T
X5: 2 WORDS COMBINED VALUE - Q
C6: F | D6: O | E6: C | F6: U | G6: S | J6: Word-1 | K6: F | L6: O | M6: C | N6: U | O6: S | W6: Card No. | X6: Anxergy | Y6: Exdysivity | Z6: Dexterience | AA6: Avalremy | AB6: Atammayata | AE6: F | AF6: O | AG6: C | AH6: U | AI6: S | AL6: Word-1 | AM6: F | AN6: O | AO6: C | AP6: U | AQ6: S | AY6: Card No. | AZ6: 2 WORDS COMBINED VALUE - W | BG6: F | BH6: O | BI6: C | BJ6: U | BK6: S | BN6: Word-1 | BO6: F | BP6: O | BQ6: C | BR6: U | BS6: S | CA6: Card No. | CB6: 2 WORDS COMBINED VALUE - E | CI6: F | CJ6: O | CK6: C | CL6: U | CM6: S | CP6: Word-1 | CQ6: F | CR6: O | CS6: C | CT6: U | CU6: S | DC6: Card No. | DD6: 2 WORDS COMBINED VALUE - R | DK6: F | DL6: O | DM6: C | DN6: U | DO6: S | DR6: Word-1 | DS6: F | DT6: O | DU6: C | DV6: U | DW6: S | EE6: Card No. | EF6: 2 WORDS COMBINED VALUE - T
B7: P | C7: =K39 -> 25 | D7: =K45 -> 6 | E7: =K27 -> 13 | F7: =K40 -> 1 | G7: =K42 -> 3 | H7: =SUM(C7:G7) -> 48 | J7: P | K7: =C7/C12 -> 0.36231884 | L7: =D7/D12 -> 0.16216216 | M7: =E7/E12 -> 0.1969697 | N7: =F7/F12 -> 0.014705882 | O7: =G7/G12 -> 0.035294118 | W7: 1 | X7: =X23+X38 -> 51.554859 | Y7: =Y23+Y38 -> 33.56967 | Z7: =Z23+Z38 -> 37.492857 | AA7: =AA23+AA38 -> 31.498554 | AB7: =AB23+AB38 -> 33.417678 | AD7: P | AE7: =AM39 -> 19 | AF7: =AM45 -> 25 | AG7: =AM27 -> 7 | AH7: =AM40 -> 20 | AI7: =AM42 -> 22 | AJ7: =SUM(AE7:AI7) -> 93 | AL7: P | AM7: =AE7/AE12 -> 0.48717949 | AN7: =AF7/AF12 -> 0.30487805 | AO7: =AG7/AG12 -> 0.1147541 | AP7: =AH7/AH12 -> 0.31746032 | AQ7: =AI7/AI12 -> 0.275 | AY7: 1 | AZ7: =AZ23+AZ38 -> 42.370276 | BA7: =BA23+BA38 -> 43.916563 | BB7: =BB23+BB38 -> 35.896972 | BC7: =BC23+BC38 -> 42.371496 | BD7: =BD23+BD38 -> 41.556795 | BF7: P | BG7: =BO39 -> 12 | BH7: =BO45 -> 18 | BI7: =BO27 -> 25 | BJ7: =BO40 -> 13 | BK7: =BO42 -> 15 | BL7: =SUM(BG7:BK7) -> 83 | BN7: P | BO7: =BG7/BG12 -> 0.15189873 | BP7: =BH7/BH12 -> 0.25 | BQ7: =BI7/BI12 -> 0.32894737 | BR7: =BJ7/BJ12 -> 0.24528302 | BS7: =BK7/BK12 -> 0.33333333 | CA7: 1 | CB7: =CB23+CB38 -> 37.568202 | CC7: =CC23+CC38 -> 38.857743 | CD7: =CD23+CD38 -> 42.438469 | CE7: =CE23+CE38 -> 37.534057 | CF7: =CF23+CF38 -> 36.681222 | CH7: P | CI7: =CQ39 -> 24 | CJ7: =CQ45 -> 5 | CK7: =CQ27 -> 12 | CL7: =CQ40 -> 25 | CM7: =CQ42 -> 2 | CN7: =SUM(CI7:CM7) -> 68 | CP7: P | CQ7: =CI7/CI12 -> 0.375 | CR7: =CJ7/CJ12 -> 0.15625 | CS7: =CK7/CK12 -> 0.19672131 | CT7: =CL7/CL12 -> 0.28409091 | CU7: =CM7/CM12 -> 0.025 | DC7: 1 | DD7: =DD23+DD38 -> 51.90915 | DE7: =DE23+DE38 -> 39.884651 | DF7: =DF23+DF38 -> 44.445127 | DG7: =DG23+DG38 -> 52.18167 | DH7: =DH23+DH38 -> 46.439124 | DJ7: P | DK7: =DS39 -> 22 | DL7: =DS45 -> 3 | DM7: =DS27 -> 10 | DN7: =DS40 -> 23 | DO7: =DS42 -> 25 | DP7: =SUM(DK7:DO7) -> 83 | DR7: P | DS7: =DK7/DK12 -> 0.40740741 | DT7: =DL7/DL12 -> 0.063829787 | DU7: =DM7/DM12 -> 0.19607843 | DV7: =DN7/DN12 -> 0.29487179 | DW7: =DO7/DO12 -> 0.26315789 | EE7: 1 | EF7: =EF23+EF38 -> 43.001522 | EG7: =EG23+EG38 -> 43.123358 | EH7: =EH23+EH38 -> 38.534439 | EI7: =EI23+EI38 -> 43.146966 | EJ7: =EJ23+EJ38 -> 47.265805
B8: E | C8: =K23 -> 9 | D8: =K41 -> 2 | E8: =K26 -> 12 | F8: =K28 -> 14 | G8: =K29 -> 15 | H8: =SUM(C8:G8) -> 52 | J8: E | K8: =C8/C12 -> 0.13043478 | L8: =D8/D12 -> 0.054054054 | M8: =E8/E12 -> 0.18181818 | N8: =F8/F12 -> 0.20588235 | O8: =G8/G12 -> 0.17647059 | W8: 2 | X8: =X24+X39 -> 60.425577 | Y8: =Y24+Y39 -> 39.189908 | Z8: =Z24+Z39 -> 43.838465 | AA8: =AA24+AA39 -> 36.735198 | AB8: =AB24+AB39 -> 38.961231 | AD8: E | AE8: =AM23 -> 3 | AF8: =AM41 -> 21 | AG8: =AM26 -> 6 | AH8: =AM28 -> 8 | AI8: =AM29 -> 9 | AJ8: =SUM(AE8:AI8) -> 47 | AL8: E | AM8: =AE8/AE12 -> 0.076923077 | AN8: =AF8/AF12 -> 0.25609756 | AO8: =AG8/AG12 -> 0.098360656 | AP8: =AH8/AH12 -> 0.12698413 | AQ8: =AI8/AI12 -> 0.1125 | AY8: 2 | AZ8: =AZ24+AZ39 -> 42.337026 | BA8: =BA24+BA39 -> 43.567198 | BB8: =BB24+BB39 -> 35.788193 | BC8: =BC24+BC39 -> 42.255048 | BD8: =BD24+BD39 -> 41.150172 | BF8: E | BG8: =BO23 -> 21 | BH8: =BO41 -> 14 | BI8: =BO26 -> 24 | BJ8: =BO28 -> 1 | BK8: =BO29 -> 2 | BL8: =SUM(BG8:BK8) -> 62 | BN8: E | BO8: =BG8/BG12 -> 0.26582278 | BP8: =BH8/BH12 -> 0.19444444 | BQ8: =BI8/BI12 -> 0.31578947 | BR8: =BJ8/BJ12 -> 0.018867925 | BS8: =BK8/BK12 -> 0.044444444 | CA8: 2 | CB8: =CB24+CB39 -> 46.957287 | CC8: =CC24+CC39 -> 48.802327 | CD8: =CD24+CD39 -> 53.424833 | CE8: =CE24+CE39 -> 46.975724 | CF8: =CF24+CF39 -> 46.121045 | CH8: E | CI8: =CQ23 -> 8 | CJ8: =CQ41 -> 1 | CK8: =CQ26 -> 11 | CL8: =CQ28 -> 13 | CM8: =CQ29 -> 14 | CN8: =SUM(CI8:CM8) -> 47 | CP8: E | CQ8: =CI8/CI12 -> 0.125 | CR8: =CJ8/CJ12 -> 0.03125 | CS8: =CK8/CK12 -> 0.18032787 | CT8: =CL8/CL12 -> 0.14772727 | CU8: =CM8/CM12 -> 0.175 | DC8: 2 | DD8: =DD24+DD39 -> 49.499638 | DE8: =DE24+DE39 -> 38.720481 | DF8: =DF24+DF39 -> 43.074705 | DG8: =DG24+DG39 -> 49.582599 | DH8: =DH24+DH39 -> 46.523215 | DJ8: E | DK8: =DS23 -> 6 | DL8: =DS41 -> 24 | DM8: =DS26 -> 9 | DN8: =DS28 -> 11 | DO8: =DS29 -> 12 | DP8: =SUM(DK8:DO8) -> 62 | DR8: E | DS8: =DK8/DK12 -> 0.11111111 | DT8: =DL8/DL12 -> 0.5106383 | DU8: =DM8/DM12 -> 0.17647059 | DV8: =DN8/DN12 -> 0.14102564 | DW8: =DO8/DO12 -> 0.12631579 | EE8: 2 | EF8: =EF24+EF39 -> 47.832682 | EG8: =EG24+EG39 -> 48.283503 | EH8: =EH24+EH39 -> 42.943102 | EI8: =EI24+EI39 -> 47.977038 | EJ8: =EJ24+EJ39 -> 52.63829
B9: A | C9: =K25 -> 11 | D9: =K46 -> 7 | E9: =K44 -> 5 | F9: =K24 -> 10 | G9: =K36 -> 22 | H9: =SUM(C9:G9) -> 55 | J9: A | K9: =C9/C12 -> 0.15942029 | L9: =D9/D12 -> 0.18918919 | M9: =E9/E12 -> 0.075757576 | N9: =F9/F12 -> 0.14705882 | O9: =G9/G12 -> 0.25882353 | W9: 3 | X9: =X25+X40 -> 58.861513 | Y9: =Y25+Y40 -> 39.095861 | Z9: =Z25+Z40 -> 43.32693 | AA9: =AA25+AA40 -> 36.865459 | AB9: =AB25+AB40 -> 39.171451 | AD9: A | AE9: =AM25 -> 5 | AF9: =AM46 -> 1 | AG9: =AM44 -> 24 | AH9: =AM24 -> 4 | AI9: =AM36 -> 16 | AJ9: =SUM(AE9:AI9) -> 50 | AL9: A | AM9: =AE9/AE12 -> 0.12820513 | AN9: =AF9/AF12 -> 0.012195122 | AO9: =AG9/AG12 -> 0.39344262 | AP9: =AH9/AH12 -> 0.063492063 | AQ9: =AI9/AI12 -> 0.2 | AY9: 3 | AZ9: =AZ25+AZ40 -> 52.35783 | BA9: =BA25+BA40 -> 54.15901 | BB9: =BB25+BB40 -> 44.330578 | BC9: =BC25+BC40 -> 52.33038 | BD9: =BD25+BD40 -> 51.222422 | BF9: A | BG9: =BO25 -> 23 | BH9: =BO46 -> 19 | BI9: =BO44 -> 17 | BJ9: =BO24 -> 22 | BK9: =BO36 -> 9 | BL9: =SUM(BG9:BK9) -> 90 | BN9: A | BO9: =BG9/BG12 -> 0.29113924 | BP9: =BH9/BH12 -> 0.26388889 | BQ9: =BI9/BI12 -> 0.22368421 | BR9: =BJ9/BJ12 -> 0.41509434 | BS9: =BK9/BK12 -> 0.2 | CA9: 3 | CB9: =CB25+CB40 -> 45.825244 | CC9: =CC25+CC40 -> 47.254604 | CD9: =CD25+CD40 -> 51.531887 | CE9: =CE25+CE40 -> 45.745962 | CF9: =CF25+CF40 -> 44.575573 | CH9: A | CI9: =CQ25 -> 10 | CJ9: =CQ46 -> 6 | CK9: =CQ44 -> 4 | CL9: =CQ24 -> 9 | CM9: =CQ36 -> 21 | CN9: =SUM(CI9:CM9) -> 50 | CP9: A | CQ9: =CI9/CI12 -> 0.15625 | CR9: =CJ9/CJ12 -> 0.1875 | CS9: =CK9/CK12 -> 0.06557377 | CT9: =CL9/CL12 -> 0.10227273 | CU9: =CM9/CM12 -> 0.2625 | DC9: 3 | DD9: =DD25+DD40 -> 54.817399 | DE9: =DE25+DE40 -> 42.953135 | DF9: =DF25+DF40 -> 47.775713 | DG9: =DG25+DG40 -> 54.890505 | DH9: =DH25+DH40 -> 51.758821 | DJ9: A | DK9: =DS25 -> 8 | DL9: =DS46 -> 4 | DM9: =DS44 -> 2 | DN9: =DS24 -> 7 | DO9: =DS36 -> 19 | DP9: =SUM(DK9:DO9) -> 40 | DR9: A | DS9: =DK9/DK12 -> 0.14814815 | DT9: =DL9/DL12 -> 0.085106383 | DU9: =DM9/DM12 -> 0.039215686 | DV9: =DN9/DN12 -> 0.08974359 | DW9: =DO9/DO12 -> 0.2 | EE9: 3 | EF9: =EF25+EF40 -> 41.778596 | EG9: =EG25+EG40 -> 45.143648 | EH9: =EH25+EH40 -> 38.255874 | EI9: =EI25+EI40 -> 41.740444 | EJ9: =EJ25+EJ40 -> 46.5625
B10: C | C10: =K47 -> 8 | D10: =K43 -> 4 | E10: =K31 -> 17 | F10: =K37 -> 23 | G10: =K38 -> 24 | H10: =SUM(C10:G10) -> 76 | J10: C | K10: =C10/C12 -> 0.11594203 | L10: =D10/D12 -> 0.10810811 | M10: =E10/E12 -> 0.25757576 | N10: =F10/F12 -> 0.33823529 | O10: =G10/G12 -> 0.28235294 | W10: 4 | X10: =X26+X41 -> 71.383252 | Y10: =Y26+Y41 -> 45.953004 | Z10: =Z26+Z41 -> 51.555501 | AA10: =AA26+AA41 -> 42.993118 | AB10: =AB26+AB41 -> 45.571451 | AD10: C | AE10: =AM47 -> 2 | AF10: =AM43 -> 23 | AG10: =AM31 -> 11 | AH10: =AM37 -> 17 | AI10: =AM38 -> 18 | AJ10: =SUM(AE10:AI10) -> 71 | AL10: C | AM10: =AE10/AE12 -> 0.051282051 | AN10: =AF10/AF12 -> 0.2804878 | AO10: =AG10/AG12 -> 0.18032787 | AP10: =AH10/AH12 -> 0.26984127 | AQ10: =AI10/AI12 -> 0.225 | AY10: 4 | AZ10: =AZ26+AZ41 -> 48.587559 | BA10: =BA26+BA41 -> 50.056068 | BB10: =BB26+BB41 -> 41.086392 | BC10: =BC26+BC41 -> 48.508463 | BD10: =BD26+BD41 -> 47.292845 | BF10: C | BG10: =BO47 -> 20 | BH10: =BO43 -> 16 | BI10: =BO31 -> 4 | BJ10: =BO37 -> 10 | BK10: =BO38 -> 11 | BL10: =SUM(BG10:BK10) -> 61 | BN10: C | BO10: =BG10/BG12 -> 0.25316456 | BP10: =BH10/BH12 -> 0.22222222 | BQ10: =BI10/BI12 -> 0.052631579 | BR10: =BJ10/BJ12 -> 0.18867925 | BS10: =BK10/BK12 -> 0.24444444 | CA10: 4 | CB10: =CB26+CB41 -> 48.163272 | CC10: =CC26+CC41 -> 49.80845 | CD10: =CD26+CD41 -> 54.393956 | CE10: =CE26+CE41 -> 48.117391 | CF10: =CF26+CF41 -> 47.01675 | CH10: C | CI10: =CQ47 -> 7 | CJ10: =CQ43 -> 3 | CK10: =CQ31 -> 16 | CL10: =CQ37 -> 22 | CM10: =CQ38 -> 23 | CN10: =SUM(CI10:CM10) -> 71 | CP10: C | CQ10: =CI10/CI12 -> 0.109375 | CR10: =CJ10/CJ12 -> 0.09375 | CS10: =CK10/CK12 -> 0.26229508 | CT10: =CL10/CL12 -> 0.25 | CU10: =CM10/CM12 -> 0.2875 | DC10: 4 | DD10: =DD26+DD41 -> 45.544672 | DE10: =DE26+DE41 -> 36.476945 | DF10: =DF26+DF41 -> 40.489998 | DG10: =DG26+DG41 -> 45.402132 | DH10: =DH26+DH41 -> 45.577003 | DJ10: C | DK10: =DS47 -> 5 | DL10: =DS43 -> 1 | DM10: =DS31 -> 14 | DN10: =DS37 -> 20 | DO10: =DS38 -> 21 | DP10: =SUM(DK10:DO10) -> 61 | DR10: C | DS10: =DK10/DK12 -> 0.092592593 | DT10: =DL10/DL12 -> 0.021276596 | DU10: =DM10/DM12 -> 0.2745098 | DV10: =DN10/DN12 -> 0.25641026 | DW10: =DO10/DO12 -> 0.22105263 | EE10: 4 | EF10: =EF26+EF41 -> 45.860563 | EG10: =EG26+EG41 -> 48.256148 | EH10: =EH26+EH41 -> 41.666833 | EI10: =EI26+EI41 -> 45.890444 | EJ10: =EJ26+EJ41 -> 50.855604
B11: E | C11: =K30 -> 16 | D11: =K32 -> 18 | E11: =K33 -> 19 | F11: =K34 -> 20 | G11: =K35 -> 21 | H11: =SUM(C11:G11) -> 94 | J11: E | K11: =C11/C12 -> 0.23188406 | L11: =D11/D12 -> 0.48648649 | M11: =E11/E12 -> 0.28787879 | N11: =F11/F12 -> 0.29411765 | O11: =G11/G12 -> 0.24705882 | W11: 5 | X11: =X27+X42 -> 62.512534 | Y11: =Y27+Y42 -> 40.332766 | Z11: =Z27+Z42 -> 45.209893 | AA11: =AA27+AA42 -> 37.756474 | AB11: =AB27+AB42 -> 40.027898 | AD11: E | AE11: =AM30 -> 10 | AF11: =AM32 -> 12 | AG11: =AM33 -> 13 | AH11: =AM34 -> 14 | AI11: =AM35 -> 15 | AJ11: =SUM(AE11:AI11) -> 64 | AL11: E | AM11: =AE11/AE12 -> 0.25641026 | AN11: =AF11/AF12 -> 0.14634146 | AO11: =AG11/AG12 -> 0.21311475 | AP11: =AH11/AH12 -> 0.22222222 | AQ11: =AI11/AI12 -> 0.1875 | AY11: 5 | AZ11: =AZ27+AZ42 -> 48.62081 | BA11: =BA27+BA42 -> 50.405433 | BB11: =BB27+BB42 -> 41.19517 | BC11: =BC27+BC42 -> 48.624911 | BD11: =BD27+BD42 -> 47.699468 | BF11: E | BG11: =BO30 -> 3 | BH11: =BO32 -> 5 | BI11: =BO33 -> 6 | BJ11: =BO34 -> 7 | BK11: =BO35 -> 8 | BL11: =SUM(BG11:BK11) -> 29 | BN11: E | BO11: =BG11/BG12 -> 0.037974684 | BP11: =BH11/BH12 -> 0.069444444 | BQ11: =BI11/BI12 -> 0.078947368 | BR11: =BJ11/BJ12 -> 0.13207547 | BS11: =BK11/BK12 -> 0.17777778 | CA11: 5 | CB11: =CB27+CB42 -> 38.774188 | CC11: =CC27+CC42 -> 39.863865 | CD11: =CD27+CD42 -> 43.407591 | CE11: =CE27+CE42 -> 38.675724 | CF11: =CF27+CF42 -> 37.576927 | CH11: E | CI11: =CQ30 -> 15 | CJ11: =CQ32 -> 17 | CK11: =CQ33 -> 18 | CL11: =CQ34 -> 19 | CM11: =CQ35 -> 20 | CN11: =SUM(CI11:CM11) -> 89 | CP11: E | CQ11: =CI11/CI12 -> 0.234375 | CR11: =CJ11/CJ12 -> 0.53125 | CS11: =CK11/CK12 -> 0.29508197 | CT11: =CL11/CL12 -> 0.21590909 | CU11: =CM11/CM12 -> 0.25 | DC11: 5 | DD11: =DD27+DD42 -> 47.954183 | DE11: =DE27+DE42 -> 37.641116 | DF11: =DF27+DF42 -> 41.86042 | DG11: =DG27+DG42 -> 48.001204 | DH11: =DH27+DH42 -> 45.492912 | DJ11: E | DK11: =DS30 -> 13 | DL11: =DS32 -> 15 | DM11: =DS33 -> 16 | DN11: =DS34 -> 17 | DO11: =DS35 -> 18 | DP11: =SUM(DK11:DO11) -> 79 | DR11: E | DS11: =DK11/DK12 -> 0.24074074 | DT11: =DL11/DL12 -> 0.31914894 | DU11: =DM11/DM12 -> 0.31372549 | DV11: =DN11/DN12 -> 0.21794872 | DW11: =DO11/DO12 -> 0.18947368 | EE11: 5 | EF11: =EF27+EF42 -> 41.029403 | EG11: =EG27+EG42 -> 43.096003 | EH11: =EH27+EH42 -> 37.25817 | EI11: =EI27+EI42 -> 41.060372 | EJ11: =EJ27+EJ42 -> 45.483118
C12: =SUM(C7:C11) -> 69 | D12: =SUM(D7:D11) -> 37 | E12: =SUM(E7:E11) -> 66 | F12: =SUM(F7:F11) -> 68 | G12: =SUM(G7:G11) -> 85 | W12: 6 | X12: =X28+X43 -> 64.076598 | Y12: =Y28+Y43 -> 40.426813 | Z12: =Z28+Z43 -> 45.721429 | AA12: =AA28+AA43 -> 37.626213 | AB12: =AB28+AB43 -> 39.817678 | AE12: =SUM(AE7:AE11) -> 39 | AF12: =SUM(AF7:AF11) -> 82 | AG12: =SUM(AG7:AG11) -> 61 | AH12: =SUM(AH7:AH11) -> 63 | AI12: =SUM(AI7:AI11) -> 80 | AY12: 6 | AZ12: =AZ28+AZ43 -> 38.600006 | BA12: =BA28+BA43 -> 39.813622 | BB12: =BB28+BB43 -> 32.652786 | BC12: =BC28+BC43 -> 38.549578 | BD12: =BD28+BD43 -> 37.627218 | BG12: =SUM(BG7:BG11) -> 79 | BH12: =SUM(BH7:BH11) -> 72 | BI12: =SUM(BI7:BI11) -> 76 | BJ12: =SUM(BJ7:BJ11) -> 53 | BK12: =SUM(BK7:BK11) -> 45 | CA12: 6 | CB12: =CB28+CB43 -> 39.90623 | CC12: =CC28+CC43 -> 41.411589 | CD12: =CD28+CD43 -> 45.300538 | CE12: =CE28+CE43 -> 39.905486 | CF12: =CF28+CF43 -> 39.122398 | CI12: =SUM(CI7:CI11) -> 64 | CJ12: =SUM(CJ7:CJ11) -> 32 | CK12: =SUM(CK7:CK11) -> 61 | CL12: =SUM(CL7:CL11) -> 88 | CM12: =SUM(CM7:CM11) -> 80 | DC12: 6 | DD12: =DD28+DD43 -> 42.636422 | DE12: =DE28+DE43 -> 33.408461 | DF12: =DF28+DF43 -> 37.159412 | DG12: =DG28+DG43 -> 42.693298 | DH12: =DH28+DH43 -> 40.257306 | DK12: =SUM(DK7:DK11) -> 54 | DL12: =SUM(DL7:DL11) -> 47 | DM12: =SUM(DM7:DM11) -> 51 | DN12: =SUM(DN7:DN11) -> 78 | DO12: =SUM(DO7:DO11) -> 95 | EE12: 6 | EF12: =EF28+EF43 -> 47.083489 | EG12: =EG28+EG43 -> 46.235858 | EH12: =EH28+EH43 -> 41.945398 | EI12: =EI28+EI43 -> 47.296966 | EJ12: =EJ28+EJ43 -> 51.558908
W13: 7 | X13: =X29+X44 -> 51.554859 | Y13: =Y29+Y44 -> 33.56967 | Z13: =Z29+Z44 -> 37.492857 | AA13: =AA29+AA44 -> 31.498554 | AB13: =AB29+AB44 -> 33.417678 | AY13: 7 | AZ13: =AZ29+AZ44 -> 42.370276 | BA13: =BA29+BA44 -> 43.916563 | BB13: =BB29+BB44 -> 35.896972 | BC13: =BC29+BC44 -> 42.371496 | BD13: =BD29+BD44 -> 41.556795 | CA13: 7 | CB13: =CB29+CB44 -> 37.568202 | CC13: =CC29+CC44 -> 38.857743 | CD13: =CD29+CD44 -> 42.438469 | CE13: =CE29+CE44 -> 37.534057 | CF13: =CF29+CF44 -> 36.681222 | DC13: 7 | DD13: =DD29+DD44 -> 51.90915 | DE13: =DE29+DE44 -> 39.884651 | DF13: =DF29+DF44 -> 44.445127 | DG13: =DG29+DG44 -> 52.18167 | DH13: =DH29+DH44 -> 46.439124 | EE13: 7 | EF13: =EF29+EF44 -> 43.001522 | EG13: =EG29+EG44 -> 43.123358 | EH13: =EH29+EH44 -> 38.534439 | EI13: =EI29+EI44 -> 43.146966 | EJ13: =EJ29+EJ44 -> 47.265805
